CountryId	MemberOrderIndex	Id	ImageIndex	Name	Attack	Defense	Intelligence	Ambition	Gold	Contribution	Prestige	Loyalty	SalaryRatio	Force	IsPlayer	IsAttacked	Power	
-1	-1	0	0	"アイリス"	88	66	57	83	10	0	0	0	0	{"Soldiers":[{"Level":1,"Experience":0,"Hp":0,"MaxHp":10,"IsEmptySlot":false,"IsAlive":false},{"Level":1,"Experience":0,"Hp":0,"MaxHp":10,"IsEmptySlot":false,"IsAlive":false},{"Level":1,"Experience":0,"Hp":0,"MaxHp":10,"IsEmptySlot":false,"IsAlive":false},{"Level":1,"Experience":0,"Hp":0,"MaxHp":10,"IsEmptySlot":false,"IsAlive":false},{"Level":1,"Experience":0,"Hp":0,"MaxHp":10,"IsEmptySlot":false,"IsAlive":false},{"Level":1,"Experience":0,"Hp":0,"MaxHp":10,"IsEmptySlot":false,"IsAlive":false},{"Level":1,"Experience":0,"Hp":0,"MaxHp":10,"IsEmptySlot":false,"IsAlive":false},{"Level":1,"Experience":0,"Hp":0,"MaxHp":10,"IsEmptySlot":false,"IsAlive":false},{"Level":1,"Experience":0,"Hp":0,"MaxHp":10,"IsEmptySlot":false,"IsAlive":false},{"Level":1,"Experience":0,"Hp":0,"MaxHp":10,"IsEmptySlot":false,"IsAlive":false}],"HasEmptySlot":false,"Power":10}	false	false	700	
-1	-1	3	0	"アストレア"	49	85	79	52	10	0	0	0	0	{"Soldiers":[{"Level":1,"Experience":0,"Hp":0,"MaxHp":10,"IsEmptySlot":false,"IsAlive":false},{"Level":1,"Experience":0,"Hp":0,"MaxHp":10,"IsEmptySlot":false,"IsAlive":false},{"Level":1,"Experience":0,"Hp":0,"MaxHp":10,"IsEmptySlot":false,"IsAlive":false},{"Level":1,"Experience":0,"Hp":0,"MaxHp":10,"IsEmptySlot":false,"IsAlive":false},{"Level":1,"Experience":0,"Hp":0,"MaxHp":10,"IsEmptySlot":false,"IsAlive":false},{"Level":1,"Experience":0,"Hp":0,"MaxHp":10,"IsEmptySlot":false,"IsAlive":false},{"Level":1,"Experience":0,"Hp":0,"MaxHp":10,"IsEmptySlot":false,"IsAlive":false},{"Level":1,"Experience":0,"Hp":0,"MaxHp":10,"IsEmptySlot":false,"IsAlive":false},{"Level":1,"Experience":0,"Hp":0,"MaxHp":10,"IsEmptySlot":false,"IsAlive":false},{"Level":1,"Experience":0,"Hp":0,"MaxHp":10,"IsEmptySlot":false,"IsAlive":false}],"HasEmptySlot":false,"Power":10}	false	false	710	
-1	-1	5	0	"アネモネ"	41	68	75	39	10	0	0	0	0	{"Soldiers":[{"Level":1,"Experience":0,"Hp":0,"MaxHp":10,"IsEmptySlot":false,"IsAlive":false},{"Level":1,"Experience":0,"Hp":0,"MaxHp":10,"IsEmptySlot":false,"IsAlive":false},{"Level":1,"Experience":0,"Hp":0,"MaxHp":10,"IsEmptySlot":false,"IsAlive":false},{"Level":1,"Experience":0,"Hp":0,"MaxHp":10,"IsEmptySlot":false,"IsAlive":false},{"Level":1,"Experience":0,"Hp":0,"MaxHp":10,"IsEmptySlot":false,"IsAlive":false},{"Level":1,"Experience":0,"Hp":0,"MaxHp":10,"IsEmptySlot":false,"IsAlive":false},{"Level":1,"Experience":0,"Hp":0,"MaxHp":10,"IsEmptySlot":false,"IsAlive":false},{"Level":1,"Experience":0,"Hp":0,"MaxHp":10,"IsEmptySlot":false,"IsAlive":false},{"Level":1,"Experience":0,"Hp":0,"MaxHp":10,"IsEmptySlot":false,"IsAlive":false},{"Level":1,"Experience":0,"Hp":0,"MaxHp":10,"IsEmptySlot":false,"IsAlive":false}],"HasEmptySlot":false,"Power":10}	false	false	610	
-1	-1	6	0	"アマンダ"	81	65	85	35	10	0	0	0	0	{"Soldiers":[{"Level":1,"Experience":0,"Hp":0,"MaxHp":10,"IsEmptySlot":false,"IsAlive":false},{"Level":1,"Experience":0,"Hp":0,"MaxHp":10,"IsEmptySlot":false,"IsAlive":false},{"Level":1,"Experience":0,"Hp":0,"MaxHp":10,"IsEmptySlot":false,"IsAlive":false},{"Level":1,"Experience":0,"Hp":0,"MaxHp":10,"IsEmptySlot":false,"IsAlive":false},{"Level":1,"Experience":0,"Hp":0,"MaxHp":10,"IsEmptySlot":false,"IsAlive":false},{"Level":1,"Experience":0,"Hp":0,"MaxHp":10,"IsEmptySlot":false,"IsAlive":false},{"Level":1,"Experience":0,"Hp":0,"MaxHp":10,"IsEmptySlot":false,"IsAlive":false},{"Level":1,"Experience":0,"Hp":0,"MaxHp":10,"IsEmptySlot":false,"IsAlive":false},{"Level":1,"Experience":0,"Hp":0,"MaxHp":10,"IsEmptySlot":false,"IsAlive":false},{"Level":1,"Experience":0,"Hp":0,"MaxHp":10,"IsEmptySlot":false,"IsAlive":false}],"HasEmptySlot":false,"Power":10}	false	false	770	
-1	-1	7	0	"アリアドネ"	59	80	53	42	10	0	0	0	0	{"Soldiers":[{"Level":1,"Experience":0,"Hp":0,"MaxHp":10,"IsEmptySlot":false,"IsAlive":false},{"Level":1,"Experience":0,"Hp":0,"MaxHp":10,"IsEmptySlot":false,"IsAlive":false},{"Level":1,"Experience":0,"Hp":0,"MaxHp":10,"IsEmptySlot":false,"IsAlive":false},{"Level":1,"Experience":0,"Hp":0,"MaxHp":10,"IsEmptySlot":false,"IsAlive":false},{"Level":1,"Experience":0,"Hp":0,"MaxHp":10,"IsEmptySlot":false,"IsAlive":false},{"Level":1,"Experience":0,"Hp":0,"MaxHp":10,"IsEmptySlot":false,"IsAlive":false},{"Level":1,"Experience":0,"Hp":0,"MaxHp":10,"IsEmptySlot":false,"IsAlive":false},{"Level":1,"Experience":0,"Hp":0,"MaxHp":10,"IsEmptySlot":false,"IsAlive":false},{"Level":1,"Experience":0,"Hp":0,"MaxHp":10,"IsEmptySlot":false,"IsAlive":false},{"Level":1,"Experience":0,"Hp":0,"MaxHp":10,"IsEmptySlot":false,"IsAlive":false}],"HasEmptySlot":false,"Power":10}	false	false	640	
-1	-1	8	0	"アリアナ"	86	58	53	33	10	0	0	0	0	{"Soldiers":[{"Level":1,"Experience":0,"Hp":0,"MaxHp":10,"IsEmptySlot":false,"IsAlive":false},{"Level":1,"Experience":0,"Hp":0,"MaxHp":10,"IsEmptySlot":false,"IsAlive":false},{"Level":1,"Experience":0,"Hp":0,"MaxHp":10,"IsEmptySlot":false,"IsAlive":false},{"Level":1,"Experience":0,"Hp":0,"MaxHp":10,"IsEmptySlot":false,"IsAlive":false},{"Level":1,"Experience":0,"Hp":0,"MaxHp":10,"IsEmptySlot":false,"IsAlive":false},{"Level":1,"Experience":0,"Hp":0,"MaxHp":10,"IsEmptySlot":false,"IsAlive":false},{"Level":1,"Experience":0,"Hp":0,"MaxHp":10,"IsEmptySlot":false,"IsAlive":false},{"Level":1,"Experience":0,"Hp":0,"MaxHp":10,"IsEmptySlot":false,"IsAlive":false},{"Level":1,"Experience":0,"Hp":0,"MaxHp":10,"IsEmptySlot":false,"IsAlive":false},{"Level":1,"Experience":0,"Hp":0,"MaxHp":10,"IsEmptySlot":false,"IsAlive":false}],"HasEmptySlot":false,"Power":10}	false	false	650	
-1	-1	9	0	"アリエル"	38	63	55	63	10	0	0	0	0	{"Soldiers":[{"Level":1,"Experience":0,"Hp":0,"MaxHp":10,"IsEmptySlot":false,"IsAlive":false},{"Level":1,"Experience":0,"Hp":0,"MaxHp":10,"IsEmptySlot":false,"IsAlive":false},{"Level":1,"Experience":0,"Hp":0,"MaxHp":10,"IsEmptySlot":false,"IsAlive":false},{"Level":1,"Experience":0,"Hp":0,"MaxHp":10,"IsEmptySlot":false,"IsAlive":false},{"Level":1,"Experience":0,"Hp":0,"MaxHp":10,"IsEmptySlot":false,"IsAlive":false},{"Level":1,"Experience":0,"Hp":0,"MaxHp":10,"IsEmptySlot":false,"IsAlive":false},{"Level":1,"Experience":0,"Hp":0,"MaxHp":10,"IsEmptySlot":false,"IsAlive":false},{"Level":1,"Experience":0,"Hp":0,"MaxHp":10,"IsEmptySlot":false,"IsAlive":false},{"Level":1,"Experience":0,"Hp":0,"MaxHp":10,"IsEmptySlot":false,"IsAlive":false},{"Level":1,"Experience":0,"Hp":0,"MaxHp":10,"IsEmptySlot":false,"IsAlive":false}],"HasEmptySlot":false,"Power":10}	false	false	520	
-1	-1	11	0	"アルタイル"	70	44	41	46	10	0	0	0	0	{"Soldiers":[{"Level":1,"Experience":0,"Hp":0,"MaxHp":10,"IsEmptySlot":false,"IsAlive":false},{"Level":1,"Experience":0,"Hp":0,"MaxHp":10,"IsEmptySlot":false,"IsAlive":false},{"Level":1,"Experience":0,"Hp":0,"MaxHp":10,"IsEmptySlot":false,"IsAlive":false},{"Level":1,"Experience":0,"Hp":0,"MaxHp":10,"IsEmptySlot":false,"IsAlive":false},{"Level":1,"Experience":0,"Hp":0,"MaxHp":10,"IsEmptySlot":false,"IsAlive":false},{"Level":1,"Experience":0,"Hp":0,"MaxHp":10,"IsEmptySlot":false,"IsAlive":false},{"Level":1,"Experience":0,"Hp":0,"MaxHp":10,"IsEmptySlot":false,"IsAlive":false},{"Level":1,"Experience":0,"Hp":0,"MaxHp":10,"IsEmptySlot":false,"IsAlive":false},{"Level":1,"Experience":0,"Hp":0,"MaxHp":10,"IsEmptySlot":false,"IsAlive":false},{"Level":1,"Experience":0,"Hp":0,"MaxHp":10,"IsEmptySlot":false,"IsAlive":false}],"HasEmptySlot":false,"Power":10}	false	false	510	
-1	-1	12	0	"アルバート"	79	45	53	65	10	0	0	0	0	{"Soldiers":[{"Level":1,"Experience":0,"Hp":0,"MaxHp":10,"IsEmptySlot":false,"IsAlive":false},{"Level":1,"Experience":0,"Hp":0,"MaxHp":10,"IsEmptySlot":false,"IsAlive":false},{"Level":1,"Experience":0,"Hp":0,"MaxHp":10,"IsEmptySlot":false,"IsAlive":false},{"Level":1,"Experience":0,"Hp":0,"MaxHp":10,"IsEmptySlot":false,"IsAlive":false},{"Level":1,"Experience":0,"Hp":0,"MaxHp":10,"IsEmptySlot":false,"IsAlive":false},{"Level":1,"Experience":0,"Hp":0,"MaxHp":10,"IsEmptySlot":false,"IsAlive":false},{"Level":1,"Experience":0,"Hp":0,"MaxHp":10,"IsEmptySlot":false,"IsAlive":false},{"Level":1,"Experience":0,"Hp":0,"MaxHp":10,"IsEmptySlot":false,"IsAlive":false},{"Level":1,"Experience":0,"Hp":0,"MaxHp":10,"IsEmptySlot":false,"IsAlive":false},{"Level":1,"Experience":0,"Hp":0,"MaxHp":10,"IsEmptySlot":false,"IsAlive":false}],"HasEmptySlot":false,"Power":10}	false	false	590	
-1	-1	13	0	"アーサー"	47	52	59	56	10	0	0	0	0	{"Soldiers":[{"Level":1,"Experience":0,"Hp":0,"MaxHp":10,"IsEmptySlot":false,"IsAlive":false},{"Level":1,"Experience":0,"Hp":0,"MaxHp":10,"IsEmptySlot":false,"IsAlive":false},{"Level":1,"Experience":0,"Hp":0,"MaxHp":10,"IsEmptySlot":false,"IsAlive":false},{"Level":1,"Experience":0,"Hp":0,"MaxHp":10,"IsEmptySlot":false,"IsAlive":false},{"Level":1,"Experience":0,"Hp":0,"MaxHp":10,"IsEmptySlot":false,"IsAlive":false},{"Level":1,"Experience":0,"Hp":0,"MaxHp":10,"IsEmptySlot":false,"IsAlive":false},{"Level":1,"Experience":0,"Hp":0,"MaxHp":10,"IsEmptySlot":false,"IsAlive":false},{"Level":1,"Experience":0,"Hp":0,"MaxHp":10,"IsEmptySlot":false,"IsAlive":false},{"Level":1,"Experience":0,"Hp":0,"MaxHp":10,"IsEmptySlot":false,"IsAlive":false},{"Level":1,"Experience":0,"Hp":0,"MaxHp":10,"IsEmptySlot":false,"IsAlive":false}],"HasEmptySlot":false,"Power":10}	false	false	520	
-1	-1	14	0	"イカロス"	90	61	63	42	10	0	0	0	0	{"Soldiers":[{"Level":1,"Experience":0,"Hp":0,"MaxHp":10,"IsEmptySlot":false,"IsAlive":false},{"Level":1,"Experience":0,"Hp":0,"MaxHp":10,"IsEmptySlot":false,"IsAlive":false},{"Level":1,"Experience":0,"Hp":0,"MaxHp":10,"IsEmptySlot":false,"IsAlive":false},{"Level":1,"Experience":0,"Hp":0,"MaxHp":10,"IsEmptySlot":false,"IsAlive":false},{"Level":1,"Experience":0,"Hp":0,"MaxHp":10,"IsEmptySlot":false,"IsAlive":false},{"Level":1,"Experience":0,"Hp":0,"MaxHp":10,"IsEmptySlot":false,"IsAlive":false},{"Level":1,"Experience":0,"Hp":0,"MaxHp":10,"IsEmptySlot":false,"IsAlive":false},{"Level":1,"Experience":0,"Hp":0,"MaxHp":10,"IsEmptySlot":false,"IsAlive":false},{"Level":1,"Experience":0,"Hp":0,"MaxHp":10,"IsEmptySlot":false,"IsAlive":false},{"Level":1,"Experience":0,"Hp":0,"MaxHp":10,"IsEmptySlot":false,"IsAlive":false}],"HasEmptySlot":false,"Power":10}	false	false	710	
-1	-1	15	0	"イグレイン"	59	68	56	63	10	0	0	0	0	{"Soldiers":[{"Level":1,"Experience":0,"Hp":0,"MaxHp":10,"IsEmptySlot":false,"IsAlive":false},{"Level":1,"Experience":0,"Hp":0,"MaxHp":10,"IsEmptySlot":false,"IsAlive":false},{"Level":1,"Experience":0,"Hp":0,"MaxHp":10,"IsEmptySlot":false,"IsAlive":false},{"Level":1,"Experience":0,"Hp":0,"MaxHp":10,"IsEmptySlot":false,"IsAlive":false},{"Level":1,"Experience":0,"Hp":0,"MaxHp":10,"IsEmptySlot":false,"IsAlive":false},{"Level":1,"Experience":0,"Hp":0,"MaxHp":10,"IsEmptySlot":false,"IsAlive":false},{"Level":1,"Experience":0,"Hp":0,"MaxHp":10,"IsEmptySlot":false,"IsAlive":false},{"Level":1,"Experience":0,"Hp":0,"MaxHp":10,"IsEmptySlot":false,"IsAlive":false},{"Level":1,"Experience":0,"Hp":0,"MaxHp":10,"IsEmptySlot":false,"IsAlive":false},{"Level":1,"Experience":0,"Hp":0,"MaxHp":10,"IsEmptySlot":false,"IsAlive":false}],"HasEmptySlot":false,"Power":10}	false	false	610	
-1	-1	17	0	"イゼリア"	84	68	77	42	10	0	0	0	0	{"Soldiers":[{"Level":1,"Experience":0,"Hp":0,"MaxHp":10,"IsEmptySlot":false,"IsAlive":false},{"Level":1,"Experience":0,"Hp":0,"MaxHp":10,"IsEmptySlot":false,"IsAlive":false},{"Level":1,"Experience":0,"Hp":0,"MaxHp":10,"IsEmptySlot":false,"IsAlive":false},{"Level":1,"Experience":0,"Hp":0,"MaxHp":10,"IsEmptySlot":false,"IsAlive":false},{"Level":1,"Experience":0,"Hp":0,"MaxHp":10,"IsEmptySlot":false,"IsAlive":false},{"Level":1,"Experience":0,"Hp":0,"MaxHp":10,"IsEmptySlot":false,"IsAlive":false},{"Level":1,"Experience":0,"Hp":0,"MaxHp":10,"IsEmptySlot":false,"IsAlive":false},{"Level":1,"Experience":0,"Hp":0,"MaxHp":10,"IsEmptySlot":false,"IsAlive":false},{"Level":1,"Experience":0,"Hp":0,"MaxHp":10,"IsEmptySlot":false,"IsAlive":false},{"Level":1,"Experience":0,"Hp":0,"MaxHp":10,"IsEmptySlot":false,"IsAlive":false}],"HasEmptySlot":false,"Power":10}	false	false	760	
-1	-1	21	0	"イーリス"	74	62	62	53	10	0	0	0	0	{"Soldiers":[{"Level":1,"Experience":0,"Hp":0,"MaxHp":10,"IsEmptySlot":false,"IsAlive":false},{"Level":1,"Experience":0,"Hp":0,"MaxHp":10,"IsEmptySlot":false,"IsAlive":false},{"Level":1,"Experience":0,"Hp":0,"MaxHp":10,"IsEmptySlot":false,"IsAlive":false},{"Level":1,"Experience":0,"Hp":0,"MaxHp":10,"IsEmptySlot":false,"IsAlive":false},{"Level":1,"Experience":0,"Hp":0,"MaxHp":10,"IsEmptySlot":false,"IsAlive":false},{"Level":1,"Experience":0,"Hp":0,"MaxHp":10,"IsEmptySlot":false,"IsAlive":false},{"Level":1,"Experience":0,"Hp":0,"MaxHp":10,"IsEmptySlot":false,"IsAlive":false},{"Level":1,"Experience":0,"Hp":0,"MaxHp":10,"IsEmptySlot":false,"IsAlive":false},{"Level":1,"Experience":0,"Hp":0,"MaxHp":10,"IsEmptySlot":false,"IsAlive":false},{"Level":1,"Experience":0,"Hp":0,"MaxHp":10,"IsEmptySlot":false,"IsAlive":false}],"HasEmptySlot":false,"Power":10}	false	false	660	
-1	-1	23	0	"エスメラルダ"	67	56	40	57	10	0	0	0	0	{"Soldiers":[{"Level":1,"Experience":0,"Hp":0,"MaxHp":10,"IsEmptySlot":false,"IsAlive":false},{"Level":1,"Experience":0,"Hp":0,"MaxHp":10,"IsEmptySlot":false,"IsAlive":false},{"Level":1,"Experience":0,"Hp":0,"MaxHp":10,"IsEmptySlot":false,"IsAlive":false},{"Level":1,"Experience":0,"Hp":0,"MaxHp":10,"IsEmptySlot":false,"IsAlive":false},{"Level":1,"Experience":0,"Hp":0,"MaxHp":10,"IsEmptySlot":false,"IsAlive":false},{"Level":1,"Experience":0,"Hp":0,"MaxHp":10,"IsEmptySlot":false,"IsAlive":false},{"Level":1,"Experience":0,"Hp":0,"MaxHp":10,"IsEmptySlot":false,"IsAlive":false},{"Level":1,"Experience":0,"Hp":0,"MaxHp":10,"IsEmptySlot":false,"IsAlive":false},{"Level":1,"Experience":0,"Hp":0,"MaxHp":10,"IsEmptySlot":false,"IsAlive":false},{"Level":1,"Experience":0,"Hp":0,"MaxHp":10,"IsEmptySlot":false,"IsAlive":false}],"HasEmptySlot":false,"Power":10}	false	false	540	
-1	-1	25	0	"エマ"	46	71	55	69	100	0	10	0	75	{"Soldiers":[{"Level":1,"Experience":0,"Hp":0,"MaxHp":10,"IsEmptySlot":false,"IsAlive":false},{"Level":1,"Experience":0,"Hp":0,"MaxHp":10,"IsEmptySlot":false,"IsAlive":false},{"Level":1,"Experience":0,"Hp":0,"MaxHp":10,"IsEmptySlot":false,"IsAlive":false},{"Level":1,"Experience":0,"Hp":0,"MaxHp":10,"IsEmptySlot":false,"IsAlive":false},{"Level":1,"Experience":0,"Hp":0,"MaxHp":10,"IsEmptySlot":false,"IsAlive":false},{"Level":1,"Experience":0,"Hp":0,"MaxHp":10,"IsEmptySlot":false,"IsAlive":false},{"Level":1,"Experience":0,"Hp":0,"MaxHp":10,"IsEmptySlot":false,"IsAlive":false},{"Level":1,"Experience":0,"Hp":0,"MaxHp":10,"IsEmptySlot":false,"IsAlive":false},{"Level":1,"Experience":0,"Hp":0,"MaxHp":10,"IsEmptySlot":false,"IsAlive":false},{"Level":1,"Experience":0,"Hp":0,"MaxHp":10,"IsEmptySlot":false,"IsAlive":false}],"HasEmptySlot":false,"Power":10}	false	false	570	
-1	-1	27	0	"エルロン"	54	86	51	51	10	0	0	0	0	{"Soldiers":[{"Level":1,"Experience":0,"Hp":0,"MaxHp":10,"IsEmptySlot":false,"IsAlive":false},{"Level":1,"Experience":0,"Hp":0,"MaxHp":10,"IsEmptySlot":false,"IsAlive":false},{"Level":1,"Experience":0,"Hp":0,"MaxHp":10,"IsEmptySlot":false,"IsAlive":false},{"Level":1,"Experience":0,"Hp":0,"MaxHp":10,"IsEmptySlot":false,"IsAlive":false},{"Level":1,"Experience":0,"Hp":0,"MaxHp":10,"IsEmptySlot":false,"IsAlive":false},{"Level":1,"Experience":0,"Hp":0,"MaxHp":10,"IsEmptySlot":false,"IsAlive":false},{"Level":1,"Experience":0,"Hp":0,"MaxHp":10,"IsEmptySlot":false,"IsAlive":false},{"Level":1,"Experience":0,"Hp":0,"MaxHp":10,"IsEmptySlot":false,"IsAlive":false},{"Level":1,"Experience":0,"Hp":0,"MaxHp":10,"IsEmptySlot":false,"IsAlive":false},{"Level":1,"Experience":0,"Hp":0,"MaxHp":10,"IsEmptySlot":false,"IsAlive":false}],"HasEmptySlot":false,"Power":10}	false	false	630	
-1	-1	28	0	"エレノア"	71	68	64	45	10	0	0	0	0	{"Soldiers":[{"Level":1,"Experience":0,"Hp":0,"MaxHp":10,"IsEmptySlot":false,"IsAlive":false},{"Level":1,"Experience":0,"Hp":0,"MaxHp":10,"IsEmptySlot":false,"IsAlive":false},{"Level":1,"Experience":0,"Hp":0,"MaxHp":10,"IsEmptySlot":false,"IsAlive":false},{"Level":1,"Experience":0,"Hp":0,"MaxHp":10,"IsEmptySlot":false,"IsAlive":false},{"Level":1,"Experience":0,"Hp":0,"MaxHp":10,"IsEmptySlot":false,"IsAlive":false},{"Level":1,"Experience":0,"Hp":0,"MaxHp":10,"IsEmptySlot":false,"IsAlive":false},{"Level":1,"Experience":0,"Hp":0,"MaxHp":10,"IsEmptySlot":false,"IsAlive":false},{"Level":1,"Experience":0,"Hp":0,"MaxHp":10,"IsEmptySlot":false,"IsAlive":false},{"Level":1,"Experience":0,"Hp":0,"MaxHp":10,"IsEmptySlot":false,"IsAlive":false},{"Level":1,"Experience":0,"Hp":0,"MaxHp":10,"IsEmptySlot":false,"IsAlive":false}],"HasEmptySlot":false,"Power":10}	false	false	670	
-1	-1	29	0	"オスカー"	60	49	42	75	10	0	0	0	0	{"Soldiers":[{"Level":1,"Experience":0,"Hp":0,"MaxHp":10,"IsEmptySlot":false,"IsAlive":false},{"Level":1,"Experience":0,"Hp":0,"MaxHp":10,"IsEmptySlot":false,"IsAlive":false},{"Level":1,"Experience":0,"Hp":0,"MaxHp":10,"IsEmptySlot":false,"IsAlive":false},{"Level":1,"Experience":0,"Hp":0,"MaxHp":10,"IsEmptySlot":false,"IsAlive":false},{"Level":1,"Experience":0,"Hp":0,"MaxHp":10,"IsEmptySlot":false,"IsAlive":false},{"Level":1,"Experience":0,"Hp":0,"MaxHp":10,"IsEmptySlot":false,"IsAlive":false},{"Level":1,"Experience":0,"Hp":0,"MaxHp":10,"IsEmptySlot":false,"IsAlive":false},{"Level":1,"Experience":0,"Hp":0,"MaxHp":10,"IsEmptySlot":false,"IsAlive":false},{"Level":1,"Experience":0,"Hp":0,"MaxHp":10,"IsEmptySlot":false,"IsAlive":false},{"Level":1,"Experience":0,"Hp":0,"MaxHp":10,"IsEmptySlot":false,"IsAlive":false}],"HasEmptySlot":false,"Power":10}	false	false	500	
-1	-1	30	0	"オベロン"	51	59	65	63	10	0	0	0	0	{"Soldiers":[{"Level":1,"Experience":0,"Hp":0,"MaxHp":10,"IsEmptySlot":false,"IsAlive":false},{"Level":1,"Experience":0,"Hp":0,"MaxHp":10,"IsEmptySlot":false,"IsAlive":false},{"Level":1,"Experience":0,"Hp":0,"MaxHp":10,"IsEmptySlot":false,"IsAlive":false},{"Level":1,"Experience":0,"Hp":0,"MaxHp":10,"IsEmptySlot":false,"IsAlive":false},{"Level":1,"Experience":0,"Hp":0,"MaxHp":10,"IsEmptySlot":false,"IsAlive":false},{"Level":1,"Experience":0,"Hp":0,"MaxHp":10,"IsEmptySlot":false,"IsAlive":false},{"Level":1,"Experience":0,"Hp":0,"MaxHp":10,"IsEmptySlot":false,"IsAlive":false},{"Level":1,"Experience":0,"Hp":0,"MaxHp":10,"IsEmptySlot":false,"IsAlive":false},{"Level":1,"Experience":0,"Hp":0,"MaxHp":10,"IsEmptySlot":false,"IsAlive":false},{"Level":1,"Experience":0,"Hp":0,"MaxHp":10,"IsEmptySlot":false,"IsAlive":false}],"HasEmptySlot":false,"Power":10}	false	false	580	
-1	-1	32	0	"オリビア"	84	78	61	51	10	0	0	0	0	{"Soldiers":[{"Level":1,"Experience":0,"Hp":0,"MaxHp":10,"IsEmptySlot":false,"IsAlive":false},{"Level":1,"Experience":0,"Hp":0,"MaxHp":10,"IsEmptySlot":false,"IsAlive":false},{"Level":1,"Experience":0,"Hp":0,"MaxHp":10,"IsEmptySlot":false,"IsAlive":false},{"Level":1,"Experience":0,"Hp":0,"MaxHp":10,"IsEmptySlot":false,"IsAlive":false},{"Level":1,"Experience":0,"Hp":0,"MaxHp":10,"IsEmptySlot":false,"IsAlive":false},{"Level":1,"Experience":0,"Hp":0,"MaxHp":10,"IsEmptySlot":false,"IsAlive":false},{"Level":1,"Experience":0,"Hp":0,"MaxHp":10,"IsEmptySlot":false,"IsAlive":false},{"Level":1,"Experience":0,"Hp":0,"MaxHp":10,"IsEmptySlot":false,"IsAlive":false},{"Level":1,"Experience":0,"Hp":0,"MaxHp":10,"IsEmptySlot":false,"IsAlive":false},{"Level":1,"Experience":0,"Hp":0,"MaxHp":10,"IsEmptySlot":false,"IsAlive":false}],"HasEmptySlot":false,"Power":10}	false	false	740	
-1	-1	34	0	"カトリーナ"	75	58	72	47	10	0	0	0	0	{"Soldiers":[{"Level":1,"Experience":0,"Hp":0,"MaxHp":10,"IsEmptySlot":false,"IsAlive":false},{"Level":1,"Experience":0,"Hp":0,"MaxHp":10,"IsEmptySlot":false,"IsAlive":false},{"Level":1,"Experience":0,"Hp":0,"MaxHp":10,"IsEmptySlot":false,"IsAlive":false},{"Level":1,"Experience":0,"Hp":0,"MaxHp":10,"IsEmptySlot":false,"IsAlive":false},{"Level":1,"Experience":0,"Hp":0,"MaxHp":10,"IsEmptySlot":false,"IsAlive":false},{"Level":1,"Experience":0,"Hp":0,"MaxHp":10,"IsEmptySlot":false,"IsAlive":false},{"Level":1,"Experience":0,"Hp":0,"MaxHp":10,"IsEmptySlot":false,"IsAlive":false},{"Level":1,"Experience":0,"Hp":0,"MaxHp":10,"IsEmptySlot":false,"IsAlive":false},{"Level":1,"Experience":0,"Hp":0,"MaxHp":10,"IsEmptySlot":false,"IsAlive":false},{"Level":1,"Experience":0,"Hp":0,"MaxHp":10,"IsEmptySlot":false,"IsAlive":false}],"HasEmptySlot":false,"Power":10}	false	false	680	
-1	-1	37	0	"キャスパー"	47	51	52	63	10	0	0	0	0	{"Soldiers":[{"Level":1,"Experience":0,"Hp":0,"MaxHp":10,"IsEmptySlot":false,"IsAlive":false},{"Level":1,"Experience":0,"Hp":0,"MaxHp":10,"IsEmptySlot":false,"IsAlive":false},{"Level":1,"Experience":0,"Hp":0,"MaxHp":10,"IsEmptySlot":false,"IsAlive":false},{"Level":1,"Experience":0,"Hp":0,"MaxHp":10,"IsEmptySlot":false,"IsAlive":false},{"Level":1,"Experience":0,"Hp":0,"MaxHp":10,"IsEmptySlot":false,"IsAlive":false},{"Level":1,"Experience":0,"Hp":0,"MaxHp":10,"IsEmptySlot":false,"IsAlive":false},{"Level":1,"Experience":0,"Hp":0,"MaxHp":10,"IsEmptySlot":false,"IsAlive":false},{"Level":1,"Experience":0,"Hp":0,"MaxHp":10,"IsEmptySlot":false,"IsAlive":false},{"Level":1,"Experience":0,"Hp":0,"MaxHp":10,"IsEmptySlot":false,"IsAlive":false},{"Level":1,"Experience":0,"Hp":0,"MaxHp":10,"IsEmptySlot":false,"IsAlive":false}],"HasEmptySlot":false,"Power":10}	false	false	500	
-1	-1	38	0	"グリフィン"	66	70	34	72	10	0	0	0	0	{"Soldiers":[{"Level":1,"Experience":0,"Hp":0,"MaxHp":10,"IsEmptySlot":false,"IsAlive":false},{"Level":1,"Experience":0,"Hp":0,"MaxHp":10,"IsEmptySlot":false,"IsAlive":false},{"Level":1,"Experience":0,"Hp":0,"MaxHp":10,"IsEmptySlot":false,"IsAlive":false},{"Level":1,"Experience":0,"Hp":0,"MaxHp":10,"IsEmptySlot":false,"IsAlive":false},{"Level":1,"Experience":0,"Hp":0,"MaxHp":10,"IsEmptySlot":false,"IsAlive":false},{"Level":1,"Experience":0,"Hp":0,"MaxHp":10,"IsEmptySlot":false,"IsAlive":false},{"Level":1,"Experience":0,"Hp":0,"MaxHp":10,"IsEmptySlot":false,"IsAlive":false},{"Level":1,"Experience":0,"Hp":0,"MaxHp":10,"IsEmptySlot":false,"IsAlive":false},{"Level":1,"Experience":0,"Hp":0,"MaxHp":10,"IsEmptySlot":false,"IsAlive":false},{"Level":1,"Experience":0,"Hp":0,"MaxHp":10,"IsEmptySlot":false,"IsAlive":false}],"HasEmptySlot":false,"Power":10}	false	false	560	
-1	-1	39	0	"ケイルン"	80	78	55	55	10	0	0	0	0	{"Soldiers":[{"Level":1,"Experience":0,"Hp":0,"MaxHp":10,"IsEmptySlot":false,"IsAlive":false},{"Level":1,"Experience":0,"Hp":0,"MaxHp":10,"IsEmptySlot":false,"IsAlive":false},{"Level":1,"Experience":0,"Hp":0,"MaxHp":10,"IsEmptySlot":false,"IsAlive":false},{"Level":1,"Experience":0,"Hp":0,"MaxHp":10,"IsEmptySlot":false,"IsAlive":false},{"Level":1,"Experience":0,"Hp":0,"MaxHp":10,"IsEmptySlot":false,"IsAlive":false},{"Level":1,"Experience":0,"Hp":0,"MaxHp":10,"IsEmptySlot":false,"IsAlive":false},{"Level":1,"Experience":0,"Hp":0,"MaxHp":10,"IsEmptySlot":false,"IsAlive":false},{"Level":1,"Experience":0,"Hp":0,"MaxHp":10,"IsEmptySlot":false,"IsAlive":false},{"Level":1,"Experience":0,"Hp":0,"MaxHp":10,"IsEmptySlot":false,"IsAlive":false},{"Level":1,"Experience":0,"Hp":0,"MaxHp":10,"IsEmptySlot":false,"IsAlive":false}],"HasEmptySlot":false,"Power":10}	false	false	710	
-1	-1	40	0	"ケイロス"	84	50	67	61	10	0	0	0	0	{"Soldiers":[{"Level":1,"Experience":0,"Hp":0,"MaxHp":10,"IsEmptySlot":false,"IsAlive":false},{"Level":1,"Experience":0,"Hp":0,"MaxHp":10,"IsEmptySlot":false,"IsAlive":false},{"Level":1,"Experience":0,"Hp":0,"MaxHp":10,"IsEmptySlot":false,"IsAlive":false},{"Level":1,"Experience":0,"Hp":0,"MaxHp":10,"IsEmptySlot":false,"IsAlive":false},{"Level":1,"Experience":0,"Hp":0,"MaxHp":10,"IsEmptySlot":false,"IsAlive":false},{"Level":1,"Experience":0,"Hp":0,"MaxHp":10,"IsEmptySlot":false,"IsAlive":false},{"Level":1,"Experience":0,"Hp":0,"MaxHp":10,"IsEmptySlot":false,"IsAlive":false},{"Level":1,"Experience":0,"Hp":0,"MaxHp":10,"IsEmptySlot":false,"IsAlive":false},{"Level":1,"Experience":0,"Hp":0,"MaxHp":10,"IsEmptySlot":false,"IsAlive":false},{"Level":1,"Experience":0,"Hp":0,"MaxHp":10,"IsEmptySlot":false,"IsAlive":false}],"HasEmptySlot":false,"Power":10}	false	false	670	
-1	-1	45	0	"シエナ"	40	72	72	38	10	0	0	0	0	{"Soldiers":[{"Level":1,"Experience":0,"Hp":0,"MaxHp":10,"IsEmptySlot":false,"IsAlive":false},{"Level":1,"Experience":0,"Hp":0,"MaxHp":10,"IsEmptySlot":false,"IsAlive":false},{"Level":1,"Experience":0,"Hp":0,"MaxHp":10,"IsEmptySlot":false,"IsAlive":false},{"Level":1,"Experience":0,"Hp":0,"MaxHp":10,"IsEmptySlot":false,"IsAlive":false},{"Level":1,"Experience":0,"Hp":0,"MaxHp":10,"IsEmptySlot":false,"IsAlive":false},{"Level":1,"Experience":0,"Hp":0,"MaxHp":10,"IsEmptySlot":false,"IsAlive":false},{"Level":1,"Experience":0,"Hp":0,"MaxHp":10,"IsEmptySlot":false,"IsAlive":false},{"Level":1,"Experience":0,"Hp":0,"MaxHp":10,"IsEmptySlot":false,"IsAlive":false},{"Level":1,"Experience":0,"Hp":0,"MaxHp":10,"IsEmptySlot":false,"IsAlive":false},{"Level":1,"Experience":0,"Hp":0,"MaxHp":10,"IsEmptySlot":false,"IsAlive":false}],"HasEmptySlot":false,"Power":10}	false	false	610	
-1	-1	47	0	"シャーロット"	72	38	74	69	10	0	0	0	0	{"Soldiers":[{"Level":1,"Experience":0,"Hp":0,"MaxHp":10,"IsEmptySlot":false,"IsAlive":false},{"Level":1,"Experience":0,"Hp":0,"MaxHp":10,"IsEmptySlot":false,"IsAlive":false},{"Level":1,"Experience":0,"Hp":0,"MaxHp":10,"IsEmptySlot":false,"IsAlive":false},{"Level":1,"Experience":0,"Hp":0,"MaxHp":10,"IsEmptySlot":false,"IsAlive":false},{"Level":1,"Experience":0,"Hp":0,"MaxHp":10,"IsEmptySlot":false,"IsAlive":false},{"Level":1,"Experience":0,"Hp":0,"MaxHp":10,"IsEmptySlot":false,"IsAlive":false},{"Level":1,"Experience":0,"Hp":0,"MaxHp":10,"IsEmptySlot":false,"IsAlive":false},{"Level":1,"Experience":0,"Hp":0,"MaxHp":10,"IsEmptySlot":false,"IsAlive":false},{"Level":1,"Experience":0,"Hp":0,"MaxHp":10,"IsEmptySlot":false,"IsAlive":false},{"Level":1,"Experience":0,"Hp":0,"MaxHp":10,"IsEmptySlot":false,"IsAlive":false}],"HasEmptySlot":false,"Power":10}	false	false	610	
-1	-1	48	0	"シルバーン"	79	17	50	58	10	0	0	0	0	{"Soldiers":[{"Level":1,"Experience":0,"Hp":0,"MaxHp":10,"IsEmptySlot":false,"IsAlive":false},{"Level":1,"Experience":0,"Hp":0,"MaxHp":10,"IsEmptySlot":false,"IsAlive":false},{"Level":1,"Experience":0,"Hp":0,"MaxHp":10,"IsEmptySlot":false,"IsAlive":false},{"Level":1,"Experience":0,"Hp":0,"MaxHp":10,"IsEmptySlot":false,"IsAlive":false},{"Level":1,"Experience":0,"Hp":0,"MaxHp":10,"IsEmptySlot":false,"IsAlive":false},{"Level":1,"Experience":0,"Hp":0,"MaxHp":10,"IsEmptySlot":false,"IsAlive":false},{"Level":1,"Experience":0,"Hp":0,"MaxHp":10,"IsEmptySlot":false,"IsAlive":false},{"Level":1,"Experience":0,"Hp":0,"MaxHp":10,"IsEmptySlot":false,"IsAlive":false},{"Level":1,"Experience":0,"Hp":0,"MaxHp":10,"IsEmptySlot":false,"IsAlive":false},{"Level":1,"Experience":0,"Hp":0,"MaxHp":10,"IsEmptySlot":false,"IsAlive":false}],"HasEmptySlot":false,"Power":10}	false	false	480	
-1	-1	49	0	"ジェームズ"	66	65	80	66	10	0	0	0	0	{"Soldiers":[{"Level":1,"Experience":0,"Hp":0,"MaxHp":10,"IsEmptySlot":false,"IsAlive":false},{"Level":1,"Experience":0,"Hp":0,"MaxHp":10,"IsEmptySlot":false,"IsAlive":false},{"Level":1,"Experience":0,"Hp":0,"MaxHp":10,"IsEmptySlot":false,"IsAlive":false},{"Level":1,"Experience":0,"Hp":0,"MaxHp":10,"IsEmptySlot":false,"IsAlive":false},{"Level":1,"Experience":0,"Hp":0,"MaxHp":10,"IsEmptySlot":false,"IsAlive":false},{"Level":1,"Experience":0,"Hp":0,"MaxHp":10,"IsEmptySlot":false,"IsAlive":false},{"Level":1,"Experience":0,"Hp":0,"MaxHp":10,"IsEmptySlot":false,"IsAlive":false},{"Level":1,"Experience":0,"Hp":0,"MaxHp":10,"IsEmptySlot":false,"IsAlive":false},{"Level":1,"Experience":0,"Hp":0,"MaxHp":10,"IsEmptySlot":false,"IsAlive":false},{"Level":1,"Experience":0,"Hp":0,"MaxHp":10,"IsEmptySlot":false,"IsAlive":false}],"HasEmptySlot":false,"Power":10}	false	false	700	
-1	-1	50	0	"ジャスパー"	68	79	61	53	10	0	0	0	0	{"Soldiers":[{"Level":1,"Experience":0,"Hp":0,"MaxHp":10,"IsEmptySlot":false,"IsAlive":false},{"Level":1,"Experience":0,"Hp":0,"MaxHp":10,"IsEmptySlot":false,"IsAlive":false},{"Level":1,"Experience":0,"Hp":0,"MaxHp":10,"IsEmptySlot":false,"IsAlive":false},{"Level":1,"Experience":0,"Hp":0,"MaxHp":10,"IsEmptySlot":false,"IsAlive":false},{"Level":1,"Experience":0,"Hp":0,"MaxHp":10,"IsEmptySlot":false,"IsAlive":false},{"Level":1,"Experience":0,"Hp":0,"MaxHp":10,"IsEmptySlot":false,"IsAlive":false},{"Level":1,"Experience":0,"Hp":0,"MaxHp":10,"IsEmptySlot":false,"IsAlive":false},{"Level":1,"Experience":0,"Hp":0,"MaxHp":10,"IsEmptySlot":false,"IsAlive":false},{"Level":1,"Experience":0,"Hp":0,"MaxHp":10,"IsEmptySlot":false,"IsAlive":false},{"Level":1,"Experience":0,"Hp":0,"MaxHp":10,"IsEmptySlot":false,"IsAlive":false}],"HasEmptySlot":false,"Power":10}	false	false	690	
-1	-1	51	0	"ジャスミン"	58	86	81	69	10	0	0	0	0	{"Soldiers":[{"Level":1,"Experience":0,"Hp":0,"MaxHp":10,"IsEmptySlot":false,"IsAlive":false},{"Level":1,"Experience":0,"Hp":0,"MaxHp":10,"IsEmptySlot":false,"IsAlive":false},{"Level":1,"Experience":0,"Hp":0,"MaxHp":10,"IsEmptySlot":false,"IsAlive":false},{"Level":1,"Experience":0,"Hp":0,"MaxHp":10,"IsEmptySlot":false,"IsAlive":false},{"Level":1,"Experience":0,"Hp":0,"MaxHp":10,"IsEmptySlot":false,"IsAlive":false},{"Level":1,"Experience":0,"Hp":0,"MaxHp":10,"IsEmptySlot":false,"IsAlive":false},{"Level":1,"Experience":0,"Hp":0,"MaxHp":10,"IsEmptySlot":false,"IsAlive":false},{"Level":1,"Experience":0,"Hp":0,"MaxHp":10,"IsEmptySlot":false,"IsAlive":false},{"Level":1,"Experience":0,"Hp":0,"MaxHp":10,"IsEmptySlot":false,"IsAlive":false},{"Level":1,"Experience":0,"Hp":0,"MaxHp":10,"IsEmptySlot":false,"IsAlive":false}],"HasEmptySlot":false,"Power":10}	false	false	750	
-1	-1	53	0	"ジークフリート"	52	47	42	60	10	0	0	0	0	{"Soldiers":[{"Level":1,"Experience":0,"Hp":0,"MaxHp":10,"IsEmptySlot":false,"IsAlive":false},{"Level":1,"Experience":0,"Hp":0,"MaxHp":10,"IsEmptySlot":false,"IsAlive":false},{"Level":1,"Experience":0,"Hp":0,"MaxHp":10,"IsEmptySlot":false,"IsAlive":false},{"Level":1,"Experience":0,"Hp":0,"MaxHp":10,"IsEmptySlot":false,"IsAlive":false},{"Level":1,"Experience":0,"Hp":0,"MaxHp":10,"IsEmptySlot":false,"IsAlive":false},{"Level":1,"Experience":0,"Hp":0,"MaxHp":10,"IsEmptySlot":false,"IsAlive":false},{"Level":1,"Experience":0,"Hp":0,"MaxHp":10,"IsEmptySlot":false,"IsAlive":false},{"Level":1,"Experience":0,"Hp":0,"MaxHp":10,"IsEmptySlot":false,"IsAlive":false},{"Level":1,"Experience":0,"Hp":0,"MaxHp":10,"IsEmptySlot":false,"IsAlive":false},{"Level":1,"Experience":0,"Hp":0,"MaxHp":10,"IsEmptySlot":false,"IsAlive":false}],"HasEmptySlot":false,"Power":10}	false	false	470	
-1	-1	54	0	"セバスチャン"	62	73	42	49	10	0	0	0	0	{"Soldiers":[{"Level":1,"Experience":0,"Hp":0,"MaxHp":10,"IsEmptySlot":false,"IsAlive":false},{"Level":1,"Experience":0,"Hp":0,"MaxHp":10,"IsEmptySlot":false,"IsAlive":false},{"Level":1,"Experience":0,"Hp":0,"MaxHp":10,"IsEmptySlot":false,"IsAlive":false},{"Level":1,"Experience":0,"Hp":0,"MaxHp":10,"IsEmptySlot":false,"IsAlive":false},{"Level":1,"Experience":0,"Hp":0,"MaxHp":10,"IsEmptySlot":false,"IsAlive":false},{"Level":1,"Experience":0,"Hp":0,"MaxHp":10,"IsEmptySlot":false,"IsAlive":false},{"Level":1,"Experience":0,"Hp":0,"MaxHp":10,"IsEmptySlot":false,"IsAlive":false},{"Level":1,"Experience":0,"Hp":0,"MaxHp":10,"IsEmptySlot":false,"IsAlive":false},{"Level":1,"Experience":0,"Hp":0,"MaxHp":10,"IsEmptySlot":false,"IsAlive":false},{"Level":1,"Experience":0,"Hp":0,"MaxHp":10,"IsEmptySlot":false,"IsAlive":false}],"HasEmptySlot":false,"Power":10}	false	false	590	
-1	-1	57	0	"セレーネ"	75	72	82	60	10	0	0	0	0	{"Soldiers":[{"Level":1,"Experience":0,"Hp":0,"MaxHp":10,"IsEmptySlot":false,"IsAlive":false},{"Level":1,"Experience":0,"Hp":0,"MaxHp":10,"IsEmptySlot":false,"IsAlive":false},{"Level":1,"Experience":0,"Hp":0,"MaxHp":10,"IsEmptySlot":false,"IsAlive":false},{"Level":1,"Experience":0,"Hp":0,"MaxHp":10,"IsEmptySlot":false,"IsAlive":false},{"Level":1,"Experience":0,"Hp":0,"MaxHp":10,"IsEmptySlot":false,"IsAlive":false},{"Level":1,"Experience":0,"Hp":0,"MaxHp":10,"IsEmptySlot":false,"IsAlive":false},{"Level":1,"Experience":0,"Hp":0,"MaxHp":10,"IsEmptySlot":false,"IsAlive":false},{"Level":1,"Experience":0,"Hp":0,"MaxHp":10,"IsEmptySlot":false,"IsAlive":false},{"Level":1,"Experience":0,"Hp":0,"MaxHp":10,"IsEmptySlot":false,"IsAlive":false},{"Level":1,"Experience":0,"Hp":0,"MaxHp":10,"IsEmptySlot":false,"IsAlive":false}],"HasEmptySlot":false,"Power":10}	false	false	760	
-1	-1	58	0	"ゼノン"	40	55	60	65	10	0	0	0	0	{"Soldiers":[{"Level":1,"Experience":0,"Hp":0,"MaxHp":10,"IsEmptySlot":false,"IsAlive":false},{"Level":1,"Experience":0,"Hp":0,"MaxHp":10,"IsEmptySlot":false,"IsAlive":false},{"Level":1,"Experience":0,"Hp":0,"MaxHp":10,"IsEmptySlot":false,"IsAlive":false},{"Level":1,"Experience":0,"Hp":0,"MaxHp":10,"IsEmptySlot":false,"IsAlive":false},{"Level":1,"Experience":0,"Hp":0,"MaxHp":10,"IsEmptySlot":false,"IsAlive":false},{"Level":1,"Experience":0,"Hp":0,"MaxHp":10,"IsEmptySlot":false,"IsAlive":false},{"Level":1,"Experience":0,"Hp":0,"MaxHp":10,"IsEmptySlot":false,"IsAlive":false},{"Level":1,"Experience":0,"Hp":0,"MaxHp":10,"IsEmptySlot":false,"IsAlive":false},{"Level":1,"Experience":0,"Hp":0,"MaxHp":10,"IsEmptySlot":false,"IsAlive":false},{"Level":1,"Experience":0,"Hp":0,"MaxHp":10,"IsEmptySlot":false,"IsAlive":false}],"HasEmptySlot":false,"Power":10}	false	false	510	
-1	-1	61	0	"ソフィア"	41	55	86	60	10	0	0	0	0	{"Soldiers":[{"Level":1,"Experience":0,"Hp":0,"MaxHp":10,"IsEmptySlot":false,"IsAlive":false},{"Level":1,"Experience":0,"Hp":0,"MaxHp":10,"IsEmptySlot":false,"IsAlive":false},{"Level":1,"Experience":0,"Hp":0,"MaxHp":10,"IsEmptySlot":false,"IsAlive":false},{"Level":1,"Experience":0,"Hp":0,"MaxHp":10,"IsEmptySlot":false,"IsAlive":false},{"Level":1,"Experience":0,"Hp":0,"MaxHp":10,"IsEmptySlot":false,"IsAlive":false},{"Level":1,"Experience":0,"Hp":0,"MaxHp":10,"IsEmptySlot":false,"IsAlive":false},{"Level":1,"Experience":0,"Hp":0,"MaxHp":10,"IsEmptySlot":false,"IsAlive":false},{"Level":1,"Experience":0,"Hp":0,"MaxHp":10,"IsEmptySlot":false,"IsAlive":false},{"Level":1,"Experience":0,"Hp":0,"MaxHp":10,"IsEmptySlot":false,"IsAlive":false},{"Level":1,"Experience":0,"Hp":0,"MaxHp":10,"IsEmptySlot":false,"IsAlive":false}],"HasEmptySlot":false,"Power":10}	false	false	600	
-1	-1	62	0	"ソレイユ"	39	52	72	26	10	0	0	0	0	{"Soldiers":[{"Level":1,"Experience":0,"Hp":0,"MaxHp":10,"IsEmptySlot":false,"IsAlive":false},{"Level":1,"Experience":0,"Hp":0,"MaxHp":10,"IsEmptySlot":false,"IsAlive":false},{"Level":1,"Experience":0,"Hp":0,"MaxHp":10,"IsEmptySlot":false,"IsAlive":false},{"Level":1,"Experience":0,"Hp":0,"MaxHp":10,"IsEmptySlot":false,"IsAlive":false},{"Level":1,"Experience":0,"Hp":0,"MaxHp":10,"IsEmptySlot":false,"IsAlive":false},{"Level":1,"Experience":0,"Hp":0,"MaxHp":10,"IsEmptySlot":false,"IsAlive":false},{"Level":1,"Experience":0,"Hp":0,"MaxHp":10,"IsEmptySlot":false,"IsAlive":false},{"Level":1,"Experience":0,"Hp":0,"MaxHp":10,"IsEmptySlot":false,"IsAlive":false},{"Level":1,"Experience":0,"Hp":0,"MaxHp":10,"IsEmptySlot":false,"IsAlive":false},{"Level":1,"Experience":0,"Hp":0,"MaxHp":10,"IsEmptySlot":false,"IsAlive":false}],"HasEmptySlot":false,"Power":10}	false	false	540	
-1	-1	63	0	"タリシア"	93	87	61	64	10	0	0	0	0	{"Soldiers":[{"Level":1,"Experience":0,"Hp":0,"MaxHp":10,"IsEmptySlot":false,"IsAlive":false},{"Level":1,"Experience":0,"Hp":0,"MaxHp":10,"IsEmptySlot":false,"IsAlive":false},{"Level":1,"Experience":0,"Hp":0,"MaxHp":10,"IsEmptySlot":false,"IsAlive":false},{"Level":1,"Experience":0,"Hp":0,"MaxHp":10,"IsEmptySlot":false,"IsAlive":false},{"Level":1,"Experience":0,"Hp":0,"MaxHp":10,"IsEmptySlot":false,"IsAlive":false},{"Level":1,"Experience":0,"Hp":0,"MaxHp":10,"IsEmptySlot":false,"IsAlive":false},{"Level":1,"Experience":0,"Hp":0,"MaxHp":10,"IsEmptySlot":false,"IsAlive":false},{"Level":1,"Experience":0,"Hp":0,"MaxHp":10,"IsEmptySlot":false,"IsAlive":false},{"Level":1,"Experience":0,"Hp":0,"MaxHp":10,"IsEmptySlot":false,"IsAlive":false},{"Level":1,"Experience":0,"Hp":0,"MaxHp":10,"IsEmptySlot":false,"IsAlive":false}],"HasEmptySlot":false,"Power":10}	false	false	800	
-1	-1	64	0	"チャールズ"	57	55	40	55	10	0	0	0	0	{"Soldiers":[{"Level":1,"Experience":0,"Hp":0,"MaxHp":10,"IsEmptySlot":false,"IsAlive":false},{"Level":1,"Experience":0,"Hp":0,"MaxHp":10,"IsEmptySlot":false,"IsAlive":false},{"Level":1,"Experience":0,"Hp":0,"MaxHp":10,"IsEmptySlot":false,"IsAlive":false},{"Level":1,"Experience":0,"Hp":0,"MaxHp":10,"IsEmptySlot":false,"IsAlive":false},{"Level":1,"Experience":0,"Hp":0,"MaxHp":10,"IsEmptySlot":false,"IsAlive":false},{"Level":1,"Experience":0,"Hp":0,"MaxHp":10,"IsEmptySlot":false,"IsAlive":false},{"Level":1,"Experience":0,"Hp":0,"MaxHp":10,"IsEmptySlot":false,"IsAlive":false},{"Level":1,"Experience":0,"Hp":0,"MaxHp":10,"IsEmptySlot":false,"IsAlive":false},{"Level":1,"Experience":0,"Hp":0,"MaxHp":10,"IsEmptySlot":false,"IsAlive":false},{"Level":1,"Experience":0,"Hp":0,"MaxHp":10,"IsEmptySlot":false,"IsAlive":false}],"HasEmptySlot":false,"Power":10}	false	false	500	
-1	-1	65	0	"デューン"	72	62	75	18	10	0	0	0	0	{"Soldiers":[{"Level":1,"Experience":0,"Hp":0,"MaxHp":10,"IsEmptySlot":false,"IsAlive":false},{"Level":1,"Experience":0,"Hp":0,"MaxHp":10,"IsEmptySlot":false,"IsAlive":false},{"Level":1,"Experience":0,"Hp":0,"MaxHp":10,"IsEmptySlot":false,"IsAlive":false},{"Level":1,"Experience":0,"Hp":0,"MaxHp":10,"IsEmptySlot":false,"IsAlive":false},{"Level":1,"Experience":0,"Hp":0,"MaxHp":10,"IsEmptySlot":false,"IsAlive":false},{"Level":1,"Experience":0,"Hp":0,"MaxHp":10,"IsEmptySlot":false,"IsAlive":false},{"Level":1,"Experience":0,"Hp":0,"MaxHp":10,"IsEmptySlot":false,"IsAlive":false},{"Level":1,"Experience":0,"Hp":0,"MaxHp":10,"IsEmptySlot":false,"IsAlive":false},{"Level":1,"Experience":0,"Hp":0,"MaxHp":10,"IsEmptySlot":false,"IsAlive":false},{"Level":1,"Experience":0,"Hp":0,"MaxHp":10,"IsEmptySlot":false,"IsAlive":false}],"HasEmptySlot":false,"Power":10}	false	false	690	
-1	-1	68	0	"ドリアン"	45	50	83	33	10	0	0	0	0	{"Soldiers":[{"Level":1,"Experience":0,"Hp":0,"MaxHp":10,"IsEmptySlot":false,"IsAlive":false},{"Level":1,"Experience":0,"Hp":0,"MaxHp":10,"IsEmptySlot":false,"IsAlive":false},{"Level":1,"Experience":0,"Hp":0,"MaxHp":10,"IsEmptySlot":false,"IsAlive":false},{"Level":1,"Experience":0,"Hp":0,"MaxHp":10,"IsEmptySlot":false,"IsAlive":false},{"Level":1,"Experience":0,"Hp":0,"MaxHp":10,"IsEmptySlot":false,"IsAlive":false},{"Level":1,"Experience":0,"Hp":0,"MaxHp":10,"IsEmptySlot":false,"IsAlive":false},{"Level":1,"Experience":0,"Hp":0,"MaxHp":10,"IsEmptySlot":false,"IsAlive":false},{"Level":1,"Experience":0,"Hp":0,"MaxHp":10,"IsEmptySlot":false,"IsAlive":false},{"Level":1,"Experience":0,"Hp":0,"MaxHp":10,"IsEmptySlot":false,"IsAlive":false},{"Level":1,"Experience":0,"Hp":0,"MaxHp":10,"IsEmptySlot":false,"IsAlive":false}],"HasEmptySlot":false,"Power":10}	false	false	590	
-1	-1	69	0	"ナイア"	24	57	62	54	10	0	0	0	0	{"Soldiers":[{"Level":1,"Experience":0,"Hp":0,"MaxHp":10,"IsEmptySlot":false,"IsAlive":false},{"Level":1,"Experience":0,"Hp":0,"MaxHp":10,"IsEmptySlot":false,"IsAlive":false},{"Level":1,"Experience":0,"Hp":0,"MaxHp":10,"IsEmptySlot":false,"IsAlive":false},{"Level":1,"Experience":0,"Hp":0,"MaxHp":10,"IsEmptySlot":false,"IsAlive":false},{"Level":1,"Experience":0,"Hp":0,"MaxHp":10,"IsEmptySlot":false,"IsAlive":false},{"Level":1,"Experience":0,"Hp":0,"MaxHp":10,"IsEmptySlot":false,"IsAlive":false},{"Level":1,"Experience":0,"Hp":0,"MaxHp":10,"IsEmptySlot":false,"IsAlive":false},{"Level":1,"Experience":0,"Hp":0,"MaxHp":10,"IsEmptySlot":false,"IsAlive":false},{"Level":1,"Experience":0,"Hp":0,"MaxHp":10,"IsEmptySlot":false,"IsAlive":false},{"Level":1,"Experience":0,"Hp":0,"MaxHp":10,"IsEmptySlot":false,"IsAlive":false}],"HasEmptySlot":false,"Power":10}	false	false	470	
-1	-1	72	0	"ネメア"	88	53	40	38	10	0	0	0	0	{"Soldiers":[{"Level":1,"Experience":0,"Hp":0,"MaxHp":10,"IsEmptySlot":false,"IsAlive":false},{"Level":1,"Experience":0,"Hp":0,"MaxHp":10,"IsEmptySlot":false,"IsAlive":false},{"Level":1,"Experience":0,"Hp":0,"MaxHp":10,"IsEmptySlot":false,"IsAlive":false},{"Level":1,"Experience":0,"Hp":0,"MaxHp":10,"IsEmptySlot":false,"IsAlive":false},{"Level":1,"Experience":0,"Hp":0,"MaxHp":10,"IsEmptySlot":false,"IsAlive":false},{"Level":1,"Experience":0,"Hp":0,"MaxHp":10,"IsEmptySlot":false,"IsAlive":false},{"Level":1,"Experience":0,"Hp":0,"MaxHp":10,"IsEmptySlot":false,"IsAlive":false},{"Level":1,"Experience":0,"Hp":0,"MaxHp":10,"IsEmptySlot":false,"IsAlive":false},{"Level":1,"Experience":0,"Hp":0,"MaxHp":10,"IsEmptySlot":false,"IsAlive":false},{"Level":1,"Experience":0,"Hp":0,"MaxHp":10,"IsEmptySlot":false,"IsAlive":false}],"HasEmptySlot":false,"Power":10}	false	false	600	
-1	-1	73	0	"ネロ"	72	79	100	45	10	0	0	0	0	{"Soldiers":[{"Level":1,"Experience":0,"Hp":0,"MaxHp":10,"IsEmptySlot":false,"IsAlive":false},{"Level":1,"Experience":0,"Hp":0,"MaxHp":10,"IsEmptySlot":false,"IsAlive":false},{"Level":1,"Experience":0,"Hp":0,"MaxHp":10,"IsEmptySlot":false,"IsAlive":false},{"Level":1,"Experience":0,"Hp":0,"MaxHp":10,"IsEmptySlot":false,"IsAlive":false},{"Level":1,"Experience":0,"Hp":0,"MaxHp":10,"IsEmptySlot":false,"IsAlive":false},{"Level":1,"Experience":0,"Hp":0,"MaxHp":10,"IsEmptySlot":false,"IsAlive":false},{"Level":1,"Experience":0,"Hp":0,"MaxHp":10,"IsEmptySlot":false,"IsAlive":false},{"Level":1,"Experience":0,"Hp":0,"MaxHp":10,"IsEmptySlot":false,"IsAlive":false},{"Level":1,"Experience":0,"Hp":0,"MaxHp":10,"IsEmptySlot":false,"IsAlive":false},{"Level":1,"Experience":0,"Hp":0,"MaxHp":10,"IsEmptySlot":false,"IsAlive":false}],"HasEmptySlot":false,"Power":10}	false	false	830	
-1	-1	74	0	"ノクターン"	76	60	65	25	10	0	0	0	0	{"Soldiers":[{"Level":1,"Experience":0,"Hp":0,"MaxHp":10,"IsEmptySlot":false,"IsAlive":false},{"Level":1,"Experience":0,"Hp":0,"MaxHp":10,"IsEmptySlot":false,"IsAlive":false},{"Level":1,"Experience":0,"Hp":0,"MaxHp":10,"IsEmptySlot":false,"IsAlive":false},{"Level":1,"Experience":0,"Hp":0,"MaxHp":10,"IsEmptySlot":false,"IsAlive":false},{"Level":1,"Experience":0,"Hp":0,"MaxHp":10,"IsEmptySlot":false,"IsAlive":false},{"Level":1,"Experience":0,"Hp":0,"MaxHp":10,"IsEmptySlot":false,"IsAlive":false},{"Level":1,"Experience":0,"Hp":0,"MaxHp":10,"IsEmptySlot":false,"IsAlive":false},{"Level":1,"Experience":0,"Hp":0,"MaxHp":10,"IsEmptySlot":false,"IsAlive":false},{"Level":1,"Experience":0,"Hp":0,"MaxHp":10,"IsEmptySlot":false,"IsAlive":false},{"Level":1,"Experience":0,"Hp":0,"MaxHp":10,"IsEmptySlot":false,"IsAlive":false}],"HasEmptySlot":false,"Power":10}	false	false	670	
-1	-1	79	0	"フェニックス"	59	77	51	46	10	0	0	0	0	{"Soldiers":[{"Level":1,"Experience":0,"Hp":0,"MaxHp":10,"IsEmptySlot":false,"IsAlive":false},{"Level":1,"Experience":0,"Hp":0,"MaxHp":10,"IsEmptySlot":false,"IsAlive":false},{"Level":1,"Experience":0,"Hp":0,"MaxHp":10,"IsEmptySlot":false,"IsAlive":false},{"Level":1,"Experience":0,"Hp":0,"MaxHp":10,"IsEmptySlot":false,"IsAlive":false},{"Level":1,"Experience":0,"Hp":0,"MaxHp":10,"IsEmptySlot":false,"IsAlive":false},{"Level":1,"Experience":0,"Hp":0,"MaxHp":10,"IsEmptySlot":false,"IsAlive":false},{"Level":1,"Experience":0,"Hp":0,"MaxHp":10,"IsEmptySlot":false,"IsAlive":false},{"Level":1,"Experience":0,"Hp":0,"MaxHp":10,"IsEmptySlot":false,"IsAlive":false},{"Level":1,"Experience":0,"Hp":0,"MaxHp":10,"IsEmptySlot":false,"IsAlive":false},{"Level":1,"Experience":0,"Hp":0,"MaxHp":10,"IsEmptySlot":false,"IsAlive":false}],"HasEmptySlot":false,"Power":10}	false	false	620	
-1	-1	83	0	"ヘリオス"	73	73	74	40	10	0	0	0	0	{"Soldiers":[{"Level":1,"Experience":0,"Hp":0,"MaxHp":10,"IsEmptySlot":false,"IsAlive":false},{"Level":1,"Experience":0,"Hp":0,"MaxHp":10,"IsEmptySlot":false,"IsAlive":false},{"Level":1,"Experience":0,"Hp":0,"MaxHp":10,"IsEmptySlot":false,"IsAlive":false},{"Level":1,"Experience":0,"Hp":0,"MaxHp":10,"IsEmptySlot":false,"IsAlive":false},{"Level":1,"Experience":0,"Hp":0,"MaxHp":10,"IsEmptySlot":false,"IsAlive":false},{"Level":1,"Experience":0,"Hp":0,"MaxHp":10,"IsEmptySlot":false,"IsAlive":false},{"Level":1,"Experience":0,"Hp":0,"MaxHp":10,"IsEmptySlot":false,"IsAlive":false},{"Level":1,"Experience":0,"Hp":0,"MaxHp":10,"IsEmptySlot":false,"IsAlive":false},{"Level":1,"Experience":0,"Hp":0,"MaxHp":10,"IsEmptySlot":false,"IsAlive":false},{"Level":1,"Experience":0,"Hp":0,"MaxHp":10,"IsEmptySlot":false,"IsAlive":false}],"HasEmptySlot":false,"Power":10}	false	false	730	
-1	-1	84	0	"ヘンリー"	70	75	56	44	10	0	0	0	0	{"Soldiers":[{"Level":1,"Experience":0,"Hp":0,"MaxHp":10,"IsEmptySlot":false,"IsAlive":false},{"Level":1,"Experience":0,"Hp":0,"MaxHp":10,"IsEmptySlot":false,"IsAlive":false},{"Level":1,"Experience":0,"Hp":0,"MaxHp":10,"IsEmptySlot":false,"IsAlive":false},{"Level":1,"Experience":0,"Hp":0,"MaxHp":10,"IsEmptySlot":false,"IsAlive":false},{"Level":1,"Experience":0,"Hp":0,"MaxHp":10,"IsEmptySlot":false,"IsAlive":false},{"Level":1,"Experience":0,"Hp":0,"MaxHp":10,"IsEmptySlot":false,"IsAlive":false},{"Level":1,"Experience":0,"Hp":0,"MaxHp":10,"IsEmptySlot":false,"IsAlive":false},{"Level":1,"Experience":0,"Hp":0,"MaxHp":10,"IsEmptySlot":false,"IsAlive":false},{"Level":1,"Experience":0,"Hp":0,"MaxHp":10,"IsEmptySlot":false,"IsAlive":false},{"Level":1,"Experience":0,"Hp":0,"MaxHp":10,"IsEmptySlot":false,"IsAlive":false}],"HasEmptySlot":false,"Power":10}	false	false	670	
-1	-1	85	0	"ペルシヴァル"	85	80	60	48	100	0	10	0	90	{"Soldiers":[{"Level":1,"Experience":0,"Hp":0,"MaxHp":10,"IsEmptySlot":false,"IsAlive":false},{"Level":1,"Experience":0,"Hp":0,"MaxHp":10,"IsEmptySlot":false,"IsAlive":false},{"Level":1,"Experience":0,"Hp":0,"MaxHp":10,"IsEmptySlot":false,"IsAlive":false},{"Level":1,"Experience":0,"Hp":0,"MaxHp":10,"IsEmptySlot":false,"IsAlive":false},{"Level":1,"Experience":0,"Hp":0,"MaxHp":10,"IsEmptySlot":false,"IsAlive":false},{"Level":1,"Experience":0,"Hp":0,"MaxHp":10,"IsEmptySlot":false,"IsAlive":false},{"Level":1,"Experience":0,"Hp":0,"MaxHp":10,"IsEmptySlot":false,"IsAlive":false},{"Level":1,"Experience":0,"Hp":0,"MaxHp":10,"IsEmptySlot":false,"IsAlive":false},{"Level":1,"Experience":0,"Hp":0,"MaxHp":10,"IsEmptySlot":false,"IsAlive":false},{"Level":1,"Experience":0,"Hp":0,"MaxHp":10,"IsEmptySlot":false,"IsAlive":false}],"HasEmptySlot":false,"Power":10}	false	false	750	
-1	-1	87	0	"ミリアム"	43	55	67	61	10	0	0	0	0	{"Soldiers":[{"Level":1,"Experience":0,"Hp":0,"MaxHp":10,"IsEmptySlot":false,"IsAlive":false},{"Level":1,"Experience":0,"Hp":0,"MaxHp":10,"IsEmptySlot":false,"IsAlive":false},{"Level":1,"Experience":0,"Hp":0,"MaxHp":10,"IsEmptySlot":false,"IsAlive":false},{"Level":1,"Experience":0,"Hp":0,"MaxHp":10,"IsEmptySlot":false,"IsAlive":false},{"Level":1,"Experience":0,"Hp":0,"MaxHp":10,"IsEmptySlot":false,"IsAlive":false},{"Level":1,"Experience":0,"Hp":0,"MaxHp":10,"IsEmptySlot":false,"IsAlive":false},{"Level":1,"Experience":0,"Hp":0,"MaxHp":10,"IsEmptySlot":false,"IsAlive":false},{"Level":1,"Experience":0,"Hp":0,"MaxHp":10,"IsEmptySlot":false,"IsAlive":false},{"Level":1,"Experience":0,"Hp":0,"MaxHp":10,"IsEmptySlot":false,"IsAlive":false},{"Level":1,"Experience":0,"Hp":0,"MaxHp":10,"IsEmptySlot":false,"IsAlive":false}],"HasEmptySlot":false,"Power":10}	false	false	550	
-1	-1	88	0	"ライオネル"	77	90	79	54	10	0	0	0	0	{"Soldiers":[{"Level":1,"Experience":0,"Hp":0,"MaxHp":10,"IsEmptySlot":false,"IsAlive":false},{"Level":1,"Experience":0,"Hp":0,"MaxHp":10,"IsEmptySlot":false,"IsAlive":false},{"Level":1,"Experience":0,"Hp":0,"MaxHp":10,"IsEmptySlot":false,"IsAlive":false},{"Level":1,"Experience":0,"Hp":0,"MaxHp":10,"IsEmptySlot":false,"IsAlive":false},{"Level":1,"Experience":0,"Hp":0,"MaxHp":10,"IsEmptySlot":false,"IsAlive":false},{"Level":1,"Experience":0,"Hp":0,"MaxHp":10,"IsEmptySlot":false,"IsAlive":false},{"Level":1,"Experience":0,"Hp":0,"MaxHp":10,"IsEmptySlot":false,"IsAlive":false},{"Level":1,"Experience":0,"Hp":0,"MaxHp":10,"IsEmptySlot":false,"IsAlive":false},{"Level":1,"Experience":0,"Hp":0,"MaxHp":10,"IsEmptySlot":false,"IsAlive":false},{"Level":1,"Experience":0,"Hp":0,"MaxHp":10,"IsEmptySlot":false,"IsAlive":false}],"HasEmptySlot":false,"Power":10}	false	false	820	
-1	-1	89	0	"ライラ"	100	48	85	65	10	0	0	0	0	{"Soldiers":[{"Level":1,"Experience":0,"Hp":0,"MaxHp":10,"IsEmptySlot":false,"IsAlive":false},{"Level":1,"Experience":0,"Hp":0,"MaxHp":10,"IsEmptySlot":false,"IsAlive":false},{"Level":1,"Experience":0,"Hp":0,"MaxHp":10,"IsEmptySlot":false,"IsAlive":false},{"Level":1,"Experience":0,"Hp":0,"MaxHp":10,"IsEmptySlot":false,"IsAlive":false},{"Level":1,"Experience":0,"Hp":0,"MaxHp":10,"IsEmptySlot":false,"IsAlive":false},{"Level":1,"Experience":0,"Hp":0,"MaxHp":10,"IsEmptySlot":false,"IsAlive":false},{"Level":1,"Experience":0,"Hp":0,"MaxHp":10,"IsEmptySlot":false,"IsAlive":false},{"Level":1,"Experience":0,"Hp":0,"MaxHp":10,"IsEmptySlot":false,"IsAlive":false},{"Level":1,"Experience":0,"Hp":0,"MaxHp":10,"IsEmptySlot":false,"IsAlive":false},{"Level":1,"Experience":0,"Hp":0,"MaxHp":10,"IsEmptySlot":false,"IsAlive":false}],"HasEmptySlot":false,"Power":10}	false	false	770	
-1	-1	91	0	"リリス"	67	64	59	69	10	0	0	0	0	{"Soldiers":[{"Level":1,"Experience":0,"Hp":0,"MaxHp":10,"IsEmptySlot":false,"IsAlive":false},{"Level":1,"Experience":0,"Hp":0,"MaxHp":10,"IsEmptySlot":false,"IsAlive":false},{"Level":1,"Experience":0,"Hp":0,"MaxHp":10,"IsEmptySlot":false,"IsAlive":false},{"Level":1,"Experience":0,"Hp":0,"MaxHp":10,"IsEmptySlot":false,"IsAlive":false},{"Level":1,"Experience":0,"Hp":0,"MaxHp":10,"IsEmptySlot":false,"IsAlive":false},{"Level":1,"Experience":0,"Hp":0,"MaxHp":10,"IsEmptySlot":false,"IsAlive":false},{"Level":1,"Experience":0,"Hp":0,"MaxHp":10,"IsEmptySlot":false,"IsAlive":false},{"Level":1,"Experience":0,"Hp":0,"MaxHp":10,"IsEmptySlot":false,"IsAlive":false},{"Level":1,"Experience":0,"Hp":0,"MaxHp":10,"IsEmptySlot":false,"IsAlive":false},{"Level":1,"Experience":0,"Hp":0,"MaxHp":10,"IsEmptySlot":false,"IsAlive":false}],"HasEmptySlot":false,"Power":10}	false	false	630	
-1	-1	92	0	"ルシアン"	63	73	81	61	10	0	0	0	0	{"Soldiers":[{"Level":1,"Experience":0,"Hp":0,"MaxHp":10,"IsEmptySlot":false,"IsAlive":false},{"Level":1,"Experience":0,"Hp":0,"MaxHp":10,"IsEmptySlot":false,"IsAlive":false},{"Level":1,"Experience":0,"Hp":0,"MaxHp":10,"IsEmptySlot":false,"IsAlive":false},{"Level":1,"Experience":0,"Hp":0,"MaxHp":10,"IsEmptySlot":false,"IsAlive":false},{"Level":1,"Experience":0,"Hp":0,"MaxHp":10,"IsEmptySlot":false,"IsAlive":false},{"Level":1,"Experience":0,"Hp":0,"MaxHp":10,"IsEmptySlot":false,"IsAlive":false},{"Level":1,"Experience":0,"Hp":0,"MaxHp":10,"IsEmptySlot":false,"IsAlive":false},{"Level":1,"Experience":0,"Hp":0,"MaxHp":10,"IsEmptySlot":false,"IsAlive":false},{"Level":1,"Experience":0,"Hp":0,"MaxHp":10,"IsEmptySlot":false,"IsAlive":false},{"Level":1,"Experience":0,"Hp":0,"MaxHp":10,"IsEmptySlot":false,"IsAlive":false}],"HasEmptySlot":false,"Power":10}	false	false	720	
-1	-1	93	0	"ルナ"	49	46	80	56	10	0	0	0	0	{"Soldiers":[{"Level":1,"Experience":0,"Hp":0,"MaxHp":10,"IsEmptySlot":false,"IsAlive":false},{"Level":1,"Experience":0,"Hp":0,"MaxHp":10,"IsEmptySlot":false,"IsAlive":false},{"Level":1,"Experience":0,"Hp":0,"MaxHp":10,"IsEmptySlot":false,"IsAlive":false},{"Level":1,"Experience":0,"Hp":0,"MaxHp":10,"IsEmptySlot":false,"IsAlive":false},{"Level":1,"Experience":0,"Hp":0,"MaxHp":10,"IsEmptySlot":false,"IsAlive":false},{"Level":1,"Experience":0,"Hp":0,"MaxHp":10,"IsEmptySlot":false,"IsAlive":false},{"Level":1,"Experience":0,"Hp":0,"MaxHp":10,"IsEmptySlot":false,"IsAlive":false},{"Level":1,"Experience":0,"Hp":0,"MaxHp":10,"IsEmptySlot":false,"IsAlive":false},{"Level":1,"Experience":0,"Hp":0,"MaxHp":10,"IsEmptySlot":false,"IsAlive":false},{"Level":1,"Experience":0,"Hp":0,"MaxHp":10,"IsEmptySlot":false,"IsAlive":false}],"HasEmptySlot":false,"Power":10}	false	false	580	
-1	-1	97	0	"ロザリンド"	58	32	37	47	10	0	0	0	0	{"Soldiers":[{"Level":1,"Experience":0,"Hp":0,"MaxHp":10,"IsEmptySlot":false,"IsAlive":false},{"Level":1,"Experience":0,"Hp":0,"MaxHp":10,"IsEmptySlot":false,"IsAlive":false},{"Level":1,"Experience":0,"Hp":0,"MaxHp":10,"IsEmptySlot":false,"IsAlive":false},{"Level":1,"Experience":0,"Hp":0,"MaxHp":10,"IsEmptySlot":false,"IsAlive":false},{"Level":1,"Experience":0,"Hp":0,"MaxHp":10,"IsEmptySlot":false,"IsAlive":false},{"Level":1,"Experience":0,"Hp":0,"MaxHp":10,"IsEmptySlot":false,"IsAlive":false},{"Level":1,"Experience":0,"Hp":0,"MaxHp":10,"IsEmptySlot":false,"IsAlive":false},{"Level":1,"Experience":0,"Hp":0,"MaxHp":10,"IsEmptySlot":false,"IsAlive":false},{"Level":1,"Experience":0,"Hp":0,"MaxHp":10,"IsEmptySlot":false,"IsAlive":false},{"Level":1,"Experience":0,"Hp":0,"MaxHp":10,"IsEmptySlot":false,"IsAlive":false}],"HasEmptySlot":false,"Power":10}	false	false	420	
-1	-1	98	0	"ロゼッタ"	79	29	48	43	10	0	0	0	0	{"Soldiers":[{"Level":1,"Experience":0,"Hp":0,"MaxHp":10,"IsEmptySlot":false,"IsAlive":false},{"Level":1,"Experience":0,"Hp":0,"MaxHp":10,"IsEmptySlot":false,"IsAlive":false},{"Level":1,"Experience":0,"Hp":0,"MaxHp":10,"IsEmptySlot":false,"IsAlive":false},{"Level":1,"Experience":0,"Hp":0,"MaxHp":10,"IsEmptySlot":false,"IsAlive":false},{"Level":1,"Experience":0,"Hp":0,"MaxHp":10,"IsEmptySlot":false,"IsAlive":false},{"Level":1,"Experience":0,"Hp":0,"MaxHp":10,"IsEmptySlot":false,"IsAlive":false},{"Level":1,"Experience":0,"Hp":0,"MaxHp":10,"IsEmptySlot":false,"IsAlive":false},{"Level":1,"Experience":0,"Hp":0,"MaxHp":10,"IsEmptySlot":false,"IsAlive":false},{"Level":1,"Experience":0,"Hp":0,"MaxHp":10,"IsEmptySlot":false,"IsAlive":false},{"Level":1,"Experience":0,"Hp":0,"MaxHp":10,"IsEmptySlot":false,"IsAlive":false}],"HasEmptySlot":false,"Power":10}	false	false	520	
-1	-1	100	0	"ローズマリー"	67	54	69	68	10	0	0	0	0	{"Soldiers":[{"Level":1,"Experience":0,"Hp":0,"MaxHp":10,"IsEmptySlot":false,"IsAlive":false},{"Level":1,"Experience":0,"Hp":0,"MaxHp":10,"IsEmptySlot":false,"IsAlive":false},{"Level":1,"Experience":0,"Hp":0,"MaxHp":10,"IsEmptySlot":false,"IsAlive":false},{"Level":1,"Experience":0,"Hp":0,"MaxHp":10,"IsEmptySlot":false,"IsAlive":false},{"Level":1,"Experience":0,"Hp":0,"MaxHp":10,"IsEmptySlot":false,"IsAlive":false},{"Level":1,"Experience":0,"Hp":0,"MaxHp":10,"IsEmptySlot":false,"IsAlive":false},{"Level":1,"Experience":0,"Hp":0,"MaxHp":10,"IsEmptySlot":false,"IsAlive":false},{"Level":1,"Experience":0,"Hp":0,"MaxHp":10,"IsEmptySlot":false,"IsAlive":false},{"Level":1,"Experience":0,"Hp":0,"MaxHp":10,"IsEmptySlot":false,"IsAlive":false},{"Level":1,"Experience":0,"Hp":0,"MaxHp":10,"IsEmptySlot":false,"IsAlive":false}],"HasEmptySlot":false,"Power":10}	false	false	630	
-1	-1	101	0	"ヴァルカン"	68	57	52	60	10	0	0	0	0	{"Soldiers":[{"Level":1,"Experience":0,"Hp":0,"MaxHp":10,"IsEmptySlot":false,"IsAlive":false},{"Level":1,"Experience":0,"Hp":0,"MaxHp":10,"IsEmptySlot":false,"IsAlive":false},{"Level":1,"Experience":0,"Hp":0,"MaxHp":10,"IsEmptySlot":false,"IsAlive":false},{"Level":1,"Experience":0,"Hp":0,"MaxHp":10,"IsEmptySlot":false,"IsAlive":false},{"Level":1,"Experience":0,"Hp":0,"MaxHp":10,"IsEmptySlot":false,"IsAlive":false},{"Level":1,"Experience":0,"Hp":0,"MaxHp":10,"IsEmptySlot":false,"IsAlive":false},{"Level":1,"Experience":0,"Hp":0,"MaxHp":10,"IsEmptySlot":false,"IsAlive":false},{"Level":1,"Experience":0,"Hp":0,"MaxHp":10,"IsEmptySlot":false,"IsAlive":false},{"Level":1,"Experience":0,"Hp":0,"MaxHp":10,"IsEmptySlot":false,"IsAlive":false},{"Level":1,"Experience":0,"Hp":0,"MaxHp":10,"IsEmptySlot":false,"IsAlive":false}],"HasEmptySlot":false,"Power":10}	false	false	590	
-1	-1	102	0	"ヴィオレット"	64	89	69	56	10	0	0	0	0	{"Soldiers":[{"Level":1,"Experience":0,"Hp":0,"MaxHp":10,"IsEmptySlot":false,"IsAlive":false},{"Level":1,"Experience":0,"Hp":0,"MaxHp":10,"IsEmptySlot":false,"IsAlive":false},{"Level":1,"Experience":0,"Hp":0,"MaxHp":10,"IsEmptySlot":false,"IsAlive":false},{"Level":1,"Experience":0,"Hp":0,"MaxHp":10,"IsEmptySlot":false,"IsAlive":false},{"Level":1,"Experience":0,"Hp":0,"MaxHp":10,"IsEmptySlot":false,"IsAlive":false},{"Level":1,"Experience":0,"Hp":0,"MaxHp":10,"IsEmptySlot":false,"IsAlive":false},{"Level":1,"Experience":0,"Hp":0,"MaxHp":10,"IsEmptySlot":false,"IsAlive":false},{"Level":1,"Experience":0,"Hp":0,"MaxHp":10,"IsEmptySlot":false,"IsAlive":false},{"Level":1,"Experience":0,"Hp":0,"MaxHp":10,"IsEmptySlot":false,"IsAlive":false},{"Level":1,"Experience":0,"Hp":0,"MaxHp":10,"IsEmptySlot":false,"IsAlive":false}],"HasEmptySlot":false,"Power":10}	false	false	740	
0	0	96	0	"レオナルド"	64	69	96	58	100	0	10	0	90	{"Soldiers":[{"Level":1,"Experience":0,"Hp":0,"MaxHp":10,"IsEmptySlot":false,"IsAlive":false},{"Level":1,"Experience":0,"Hp":0,"MaxHp":10,"IsEmptySlot":false,"IsAlive":false},{"Level":1,"Experience":0,"Hp":0,"MaxHp":10,"IsEmptySlot":false,"IsAlive":false},{"Level":1,"Experience":0,"Hp":0,"MaxHp":10,"IsEmptySlot":false,"IsAlive":false},{"Level":1,"Experience":0,"Hp":0,"MaxHp":10,"IsEmptySlot":false,"IsAlive":false},{"Level":1,"Experience":0,"Hp":0,"MaxHp":10,"IsEmptySlot":false,"IsAlive":false},{"Level":1,"Experience":0,"Hp":0,"MaxHp":10,"IsEmptySlot":false,"IsAlive":false},{"Level":1,"Experience":0,"Hp":0,"MaxHp":10,"IsEmptySlot":false,"IsAlive":false},{"Level":1,"Experience":0,"Hp":0,"MaxHp":10,"IsEmptySlot":false,"IsAlive":false},{"Level":1,"Experience":0,"Hp":0,"MaxHp":10,"IsEmptySlot":false,"IsAlive":false}],"HasEmptySlot":false,"Power":10}	false	false	760	
0	1	52	0	"ジョージ"	90	60	56	60	10	0	2	0	10	{"Soldiers":[{"Level":1,"Experience":0,"Hp":0,"MaxHp":10,"IsEmptySlot":false,"IsAlive":false},{"Level":1,"Experience":0,"Hp":0,"MaxHp":10,"IsEmptySlot":false,"IsAlive":false},{"Level":1,"Experience":0,"Hp":0,"MaxHp":10,"IsEmptySlot":false,"IsAlive":false},{"Level":1,"Experience":0,"Hp":0,"MaxHp":10,"IsEmptySlot":false,"IsAlive":false},{"Level":1,"Experience":0,"Hp":0,"MaxHp":10,"IsEmptySlot":false,"IsAlive":false},{"Level":1,"Experience":0,"Hp":0,"MaxHp":10,"IsEmptySlot":false,"IsAlive":false},{"Level":1,"Experience":0,"Hp":0,"MaxHp":10,"IsEmptySlot":false,"IsAlive":false},{"Level":1,"Experience":0,"Hp":0,"MaxHp":10,"IsEmptySlot":false,"IsAlive":false},{"Level":1,"Experience":0,"Hp":0,"MaxHp":10,"IsEmptySlot":false,"IsAlive":false},{"Level":1,"Experience":0,"Hp":0,"MaxHp":10,"IsEmptySlot":false,"IsAlive":false}],"HasEmptySlot":false,"Power":10}	false	false	680	
1	0	56	0	"セレスティア"	72	91	80	52	10	0	0	0	0	{"Soldiers":[{"Level":1,"Experience":0,"Hp":0,"MaxHp":10,"IsEmptySlot":false,"IsAlive":false},{"Level":1,"Experience":0,"Hp":0,"MaxHp":10,"IsEmptySlot":false,"IsAlive":false},{"Level":1,"Experience":0,"Hp":0,"MaxHp":10,"IsEmptySlot":false,"IsAlive":false},{"Level":1,"Experience":0,"Hp":0,"MaxHp":10,"IsEmptySlot":false,"IsAlive":false},{"Level":1,"Experience":0,"Hp":0,"MaxHp":10,"IsEmptySlot":false,"IsAlive":false},{"Level":1,"Experience":0,"Hp":0,"MaxHp":10,"IsEmptySlot":false,"IsAlive":false},{"Level":1,"Experience":0,"Hp":0,"MaxHp":10,"IsEmptySlot":false,"IsAlive":false},{"Level":1,"Experience":0,"Hp":0,"MaxHp":10,"IsEmptySlot":false,"IsAlive":false},{"Level":1,"Experience":0,"Hp":0,"MaxHp":10,"IsEmptySlot":false,"IsAlive":false},{"Level":1,"Experience":0,"Hp":0,"MaxHp":10,"IsEmptySlot":false,"IsAlive":false}],"HasEmptySlot":false,"Power":10}	false	false	810	
1	1	77	0	"ビクトリア"	60	74	81	69	10	0	2	0	10	{"Soldiers":[{"Level":1,"Experience":0,"Hp":0,"MaxHp":10,"IsEmptySlot":false,"IsAlive":false},{"Level":1,"Experience":0,"Hp":0,"MaxHp":10,"IsEmptySlot":false,"IsAlive":false},{"Level":1,"Experience":0,"Hp":0,"MaxHp":10,"IsEmptySlot":false,"IsAlive":false},{"Level":1,"Experience":0,"Hp":0,"MaxHp":10,"IsEmptySlot":false,"IsAlive":false},{"Level":1,"Experience":0,"Hp":0,"MaxHp":10,"IsEmptySlot":false,"IsAlive":false},{"Level":1,"Experience":0,"Hp":0,"MaxHp":10,"IsEmptySlot":false,"IsAlive":false},{"Level":1,"Experience":0,"Hp":0,"MaxHp":10,"IsEmptySlot":false,"IsAlive":false},{"Level":1,"Experience":0,"Hp":0,"MaxHp":10,"IsEmptySlot":false,"IsAlive":false},{"Level":1,"Experience":0,"Hp":0,"MaxHp":10,"IsEmptySlot":false,"IsAlive":false},{"Level":1,"Experience":0,"Hp":0,"MaxHp":10,"IsEmptySlot":false,"IsAlive":false}],"HasEmptySlot":false,"Power":10}	false	false	710	
1	2	33	0	"オーロラ"	99	93	90	39	20	0	4	0	15	{"Soldiers":[{"Level":1,"Experience":0,"Hp":0,"MaxHp":10,"IsEmptySlot":false,"IsAlive":false},{"Level":1,"Experience":0,"Hp":0,"MaxHp":10,"IsEmptySlot":false,"IsAlive":false},{"Level":1,"Experience":0,"Hp":0,"MaxHp":10,"IsEmptySlot":false,"IsAlive":false},{"Level":1,"Experience":0,"Hp":0,"MaxHp":10,"IsEmptySlot":false,"IsAlive":false},{"Level":1,"Experience":0,"Hp":0,"MaxHp":10,"IsEmptySlot":false,"IsAlive":false},{"Level":1,"Experience":0,"Hp":0,"MaxHp":10,"IsEmptySlot":false,"IsAlive":false},{"Level":1,"Experience":0,"Hp":0,"MaxHp":10,"IsEmptySlot":false,"IsAlive":false},{"Level":1,"Experience":0,"Hp":0,"MaxHp":10,"IsEmptySlot":false,"IsAlive":false},{"Level":1,"Experience":0,"Hp":0,"MaxHp":10,"IsEmptySlot":false,"IsAlive":false},{"Level":1,"Experience":0,"Hp":0,"MaxHp":10,"IsEmptySlot":false,"IsAlive":false}],"HasEmptySlot":false,"Power":10}	false	false	940	
2	0	70	0	"ナオミ"	73	84	57	50	100	0	10	0	75	{"Soldiers":[{"Level":1,"Experience":0,"Hp":0,"MaxHp":10,"IsEmptySlot":false,"IsAlive":false},{"Level":1,"Experience":0,"Hp":0,"MaxHp":10,"IsEmptySlot":false,"IsAlive":false},{"Level":1,"Experience":0,"Hp":0,"MaxHp":10,"IsEmptySlot":false,"IsAlive":false},{"Level":1,"Experience":0,"Hp":0,"MaxHp":10,"IsEmptySlot":false,"IsAlive":false},{"Level":1,"Experience":0,"Hp":0,"MaxHp":10,"IsEmptySlot":false,"IsAlive":false},{"Level":1,"Experience":0,"Hp":0,"MaxHp":10,"IsEmptySlot":false,"IsAlive":false},{"Level":1,"Experience":0,"Hp":0,"MaxHp":10,"IsEmptySlot":false,"IsAlive":false},{"Level":1,"Experience":0,"Hp":0,"MaxHp":10,"IsEmptySlot":false,"IsAlive":false},{"Level":1,"Experience":0,"Hp":0,"MaxHp":10,"IsEmptySlot":false,"IsAlive":false},{"Level":1,"Experience":0,"Hp":0,"MaxHp":10,"IsEmptySlot":false,"IsAlive":false}],"HasEmptySlot":false,"Power":10}	false	false	710	
2	1	82	0	"プロメテウス"	70	82	57	69	10	0	2	0	10	{"Soldiers":[{"Level":1,"Experience":0,"Hp":0,"MaxHp":10,"IsEmptySlot":false,"IsAlive":false},{"Level":1,"Experience":0,"Hp":0,"MaxHp":10,"IsEmptySlot":false,"IsAlive":false},{"Level":1,"Experience":0,"Hp":0,"MaxHp":10,"IsEmptySlot":false,"IsAlive":false},{"Level":1,"Experience":0,"Hp":0,"MaxHp":10,"IsEmptySlot":false,"IsAlive":false},{"Level":1,"Experience":0,"Hp":0,"MaxHp":10,"IsEmptySlot":false,"IsAlive":false},{"Level":1,"Experience":0,"Hp":0,"MaxHp":10,"IsEmptySlot":false,"IsAlive":false},{"Level":1,"Experience":0,"Hp":0,"MaxHp":10,"IsEmptySlot":false,"IsAlive":false},{"Level":1,"Experience":0,"Hp":0,"MaxHp":10,"IsEmptySlot":false,"IsAlive":false},{"Level":1,"Experience":0,"Hp":0,"MaxHp":10,"IsEmptySlot":false,"IsAlive":false},{"Level":1,"Experience":0,"Hp":0,"MaxHp":10,"IsEmptySlot":false,"IsAlive":false}],"HasEmptySlot":false,"Power":10}	false	false	690	
2	2	66	0	"トリスタン"	51	44	51	48	20	0	4	0	15	{"Soldiers":[{"Level":1,"Experience":0,"Hp":0,"MaxHp":10,"IsEmptySlot":false,"IsAlive":false},{"Level":1,"Experience":0,"Hp":0,"MaxHp":10,"IsEmptySlot":false,"IsAlive":false},{"Level":1,"Experience":0,"Hp":0,"MaxHp":10,"IsEmptySlot":false,"IsAlive":false},{"Level":1,"Experience":0,"Hp":0,"MaxHp":10,"IsEmptySlot":false,"IsAlive":false},{"Level":1,"Experience":0,"Hp":0,"MaxHp":10,"IsEmptySlot":false,"IsAlive":false},{"Level":1,"Experience":0,"Hp":0,"MaxHp":10,"IsEmptySlot":false,"IsAlive":false},{"Level":1,"Experience":0,"Hp":0,"MaxHp":10,"IsEmptySlot":false,"IsAlive":false},{"Level":1,"Experience":0,"Hp":0,"MaxHp":10,"IsEmptySlot":false,"IsAlive":false},{"Level":1,"Experience":0,"Hp":0,"MaxHp":10,"IsEmptySlot":false,"IsAlive":false},{"Level":1,"Experience":0,"Hp":0,"MaxHp":10,"IsEmptySlot":false,"IsAlive":false}],"HasEmptySlot":false,"Power":10}	false	false	480	
3	0	26	0	"エルシア"	66	91	83	66	100	0	10	0	90	{"Soldiers":[{"Level":1,"Experience":0,"Hp":0,"MaxHp":10,"IsEmptySlot":false,"IsAlive":false},{"Level":1,"Experience":0,"Hp":0,"MaxHp":10,"IsEmptySlot":false,"IsAlive":false},{"Level":1,"Experience":0,"Hp":0,"MaxHp":10,"IsEmptySlot":false,"IsAlive":false},{"Level":1,"Experience":0,"Hp":0,"MaxHp":10,"IsEmptySlot":false,"IsAlive":false},{"Level":1,"Experience":0,"Hp":0,"MaxHp":10,"IsEmptySlot":false,"IsAlive":false},{"Level":1,"Experience":0,"Hp":0,"MaxHp":10,"IsEmptySlot":false,"IsAlive":false},{"Level":1,"Experience":0,"Hp":0,"MaxHp":10,"IsEmptySlot":false,"IsAlive":false},{"Level":1,"Experience":0,"Hp":0,"MaxHp":10,"IsEmptySlot":false,"IsAlive":false},{"Level":1,"Experience":0,"Hp":0,"MaxHp":10,"IsEmptySlot":false,"IsAlive":false},{"Level":1,"Experience":0,"Hp":0,"MaxHp":10,"IsEmptySlot":false,"IsAlive":false}],"HasEmptySlot":false,"Power":10}	false	false	800	
3	1	18	0	"イゼルト"	75	69	85	48	10	0	2	0	10	{"Soldiers":[{"Level":1,"Experience":0,"Hp":0,"MaxHp":10,"IsEmptySlot":false,"IsAlive":false},{"Level":1,"Experience":0,"Hp":0,"MaxHp":10,"IsEmptySlot":false,"IsAlive":false},{"Level":1,"Experience":0,"Hp":0,"MaxHp":10,"IsEmptySlot":false,"IsAlive":false},{"Level":1,"Experience":0,"Hp":0,"MaxHp":10,"IsEmptySlot":false,"IsAlive":false},{"Level":1,"Experience":0,"Hp":0,"MaxHp":10,"IsEmptySlot":false,"IsAlive":false},{"Level":1,"Experience":0,"Hp":0,"MaxHp":10,"IsEmptySlot":false,"IsAlive":false},{"Level":1,"Experience":0,"Hp":0,"MaxHp":10,"IsEmptySlot":false,"IsAlive":false},{"Level":1,"Experience":0,"Hp":0,"MaxHp":10,"IsEmptySlot":false,"IsAlive":false},{"Level":1,"Experience":0,"Hp":0,"MaxHp":10,"IsEmptySlot":false,"IsAlive":false},{"Level":1,"Experience":0,"Hp":0,"MaxHp":10,"IsEmptySlot":false,"IsAlive":false}],"HasEmptySlot":false,"Power":10}	false	false	760	
4	0	67	0	"ドラゴミール"	63	78	69	57	100	0	10	0	90	{"Soldiers":[{"Level":1,"Experience":0,"Hp":0,"MaxHp":10,"IsEmptySlot":false,"IsAlive":false},{"Level":1,"Experience":0,"Hp":0,"MaxHp":10,"IsEmptySlot":false,"IsAlive":false},{"Level":1,"Experience":0,"Hp":0,"MaxHp":10,"IsEmptySlot":false,"IsAlive":false},{"Level":1,"Experience":0,"Hp":0,"MaxHp":10,"IsEmptySlot":false,"IsAlive":false},{"Level":1,"Experience":0,"Hp":0,"MaxHp":10,"IsEmptySlot":false,"IsAlive":false},{"Level":1,"Experience":0,"Hp":0,"MaxHp":10,"IsEmptySlot":false,"IsAlive":false},{"Level":1,"Experience":0,"Hp":0,"MaxHp":10,"IsEmptySlot":false,"IsAlive":false},{"Level":1,"Experience":0,"Hp":0,"MaxHp":10,"IsEmptySlot":false,"IsAlive":false},{"Level":1,"Experience":0,"Hp":0,"MaxHp":10,"IsEmptySlot":false,"IsAlive":false},{"Level":1,"Experience":0,"Hp":0,"MaxHp":10,"IsEmptySlot":false,"IsAlive":false}],"HasEmptySlot":false,"Power":10}	false	false	700	
4	1	24	0	"エドワード"	66	75	67	34	10	0	2	0	10	{"Soldiers":[{"Level":1,"Experience":0,"Hp":0,"MaxHp":10,"IsEmptySlot":false,"IsAlive":false},{"Level":1,"Experience":0,"Hp":0,"MaxHp":10,"IsEmptySlot":false,"IsAlive":false},{"Level":1,"Experience":0,"Hp":0,"MaxHp":10,"IsEmptySlot":false,"IsAlive":false},{"Level":1,"Experience":0,"Hp":0,"MaxHp":10,"IsEmptySlot":false,"IsAlive":false},{"Level":1,"Experience":0,"Hp":0,"MaxHp":10,"IsEmptySlot":false,"IsAlive":false},{"Level":1,"Experience":0,"Hp":0,"MaxHp":10,"IsEmptySlot":false,"IsAlive":false},{"Level":1,"Experience":0,"Hp":0,"MaxHp":10,"IsEmptySlot":false,"IsAlive":false},{"Level":1,"Experience":0,"Hp":0,"MaxHp":10,"IsEmptySlot":false,"IsAlive":false},{"Level":1,"Experience":0,"Hp":0,"MaxHp":10,"IsEmptySlot":false,"IsAlive":false},{"Level":1,"Experience":0,"Hp":0,"MaxHp":10,"IsEmptySlot":false,"IsAlive":false}],"HasEmptySlot":false,"Power":10}	false	false	690	
5	0	86	0	"マーガレット"	88	48	57	52	100	0	10	0	90	{"Soldiers":[{"Level":1,"Experience":0,"Hp":0,"MaxHp":10,"IsEmptySlot":false,"IsAlive":false},{"Level":1,"Experience":0,"Hp":0,"MaxHp":10,"IsEmptySlot":false,"IsAlive":false},{"Level":1,"Experience":0,"Hp":0,"MaxHp":10,"IsEmptySlot":false,"IsAlive":false},{"Level":1,"Experience":0,"Hp":0,"MaxHp":10,"IsEmptySlot":false,"IsAlive":false},{"Level":1,"Experience":0,"Hp":0,"MaxHp":10,"IsEmptySlot":false,"IsAlive":false},{"Level":1,"Experience":0,"Hp":0,"MaxHp":10,"IsEmptySlot":false,"IsAlive":false},{"Level":1,"Experience":0,"Hp":0,"MaxHp":10,"IsEmptySlot":false,"IsAlive":false},{"Level":1,"Experience":0,"Hp":0,"MaxHp":10,"IsEmptySlot":false,"IsAlive":false},{"Level":1,"Experience":0,"Hp":0,"MaxHp":10,"IsEmptySlot":false,"IsAlive":false},{"Level":1,"Experience":0,"Hp":0,"MaxHp":10,"IsEmptySlot":false,"IsAlive":false}],"HasEmptySlot":false,"Power":10}	false	false	640	
5	1	75	0	"ハイペリオン"	57	51	69	53	10	0	2	0	10	{"Soldiers":[{"Level":1,"Experience":0,"Hp":0,"MaxHp":10,"IsEmptySlot":false,"IsAlive":false},{"Level":1,"Experience":0,"Hp":0,"MaxHp":10,"IsEmptySlot":false,"IsAlive":false},{"Level":1,"Experience":0,"Hp":0,"MaxHp":10,"IsEmptySlot":false,"IsAlive":false},{"Level":1,"Experience":0,"Hp":0,"MaxHp":10,"IsEmptySlot":false,"IsAlive":false},{"Level":1,"Experience":0,"Hp":0,"MaxHp":10,"IsEmptySlot":false,"IsAlive":false},{"Level":1,"Experience":0,"Hp":0,"MaxHp":10,"IsEmptySlot":false,"IsAlive":false},{"Level":1,"Experience":0,"Hp":0,"MaxHp":10,"IsEmptySlot":false,"IsAlive":false},{"Level":1,"Experience":0,"Hp":0,"MaxHp":10,"IsEmptySlot":false,"IsAlive":false},{"Level":1,"Experience":0,"Hp":0,"MaxHp":10,"IsEmptySlot":false,"IsAlive":false},{"Level":1,"Experience":0,"Hp":0,"MaxHp":10,"IsEmptySlot":false,"IsAlive":false}],"HasEmptySlot":false,"Power":10}	false	false	590	
6	0	81	0	"フレデリック"	90	81	63	63	100	0	10	0	55	{"Soldiers":[{"Level":1,"Experience":0,"Hp":0,"MaxHp":10,"IsEmptySlot":false,"IsAlive":false},{"Level":1,"Experience":0,"Hp":0,"MaxHp":10,"IsEmptySlot":false,"IsAlive":false},{"Level":1,"Experience":0,"Hp":0,"MaxHp":10,"IsEmptySlot":false,"IsAlive":false},{"Level":1,"Experience":0,"Hp":0,"MaxHp":10,"IsEmptySlot":false,"IsAlive":false},{"Level":1,"Experience":0,"Hp":0,"MaxHp":10,"IsEmptySlot":false,"IsAlive":false},{"Level":1,"Experience":0,"Hp":0,"MaxHp":10,"IsEmptySlot":false,"IsAlive":false},{"Level":1,"Experience":0,"Hp":0,"MaxHp":10,"IsEmptySlot":false,"IsAlive":false},{"Level":1,"Experience":0,"Hp":0,"MaxHp":10,"IsEmptySlot":false,"IsAlive":false},{"Level":1,"Experience":0,"Hp":0,"MaxHp":10,"IsEmptySlot":false,"IsAlive":false},{"Level":1,"Experience":0,"Hp":0,"MaxHp":10,"IsEmptySlot":false,"IsAlive":false}],"HasEmptySlot":false,"Power":10}	false	false	780	
6	1	42	0	"ザファーラ"	83	67	70	65	10	0	2	0	10	{"Soldiers":[{"Level":1,"Experience":0,"Hp":0,"MaxHp":10,"IsEmptySlot":false,"IsAlive":false},{"Level":1,"Experience":0,"Hp":0,"MaxHp":10,"IsEmptySlot":false,"IsAlive":false},{"Level":1,"Experience":0,"Hp":0,"MaxHp":10,"IsEmptySlot":false,"IsAlive":false},{"Level":1,"Experience":0,"Hp":0,"MaxHp":10,"IsEmptySlot":false,"IsAlive":false},{"Level":1,"Experience":0,"Hp":0,"MaxHp":10,"IsEmptySlot":false,"IsAlive":false},{"Level":1,"Experience":0,"Hp":0,"MaxHp":10,"IsEmptySlot":false,"IsAlive":false},{"Level":1,"Experience":0,"Hp":0,"MaxHp":10,"IsEmptySlot":false,"IsAlive":false},{"Level":1,"Experience":0,"Hp":0,"MaxHp":10,"IsEmptySlot":false,"IsAlive":false},{"Level":1,"Experience":0,"Hp":0,"MaxHp":10,"IsEmptySlot":false,"IsAlive":false},{"Level":1,"Experience":0,"Hp":0,"MaxHp":10,"IsEmptySlot":false,"IsAlive":false}],"HasEmptySlot":false,"Power":10}	false	false	730	
6	2	36	0	"ガイアス"	41	60	64	35	20	0	4	0	15	{"Soldiers":[{"Level":1,"Experience":0,"Hp":0,"MaxHp":10,"IsEmptySlot":false,"IsAlive":false},{"Level":1,"Experience":0,"Hp":0,"MaxHp":10,"IsEmptySlot":false,"IsAlive":false},{"Level":1,"Experience":0,"Hp":0,"MaxHp":10,"IsEmptySlot":false,"IsAlive":false},{"Level":1,"Experience":0,"Hp":0,"MaxHp":10,"IsEmptySlot":false,"IsAlive":false},{"Level":1,"Experience":0,"Hp":0,"MaxHp":10,"IsEmptySlot":false,"IsAlive":false},{"Level":1,"Experience":0,"Hp":0,"MaxHp":10,"IsEmptySlot":false,"IsAlive":false},{"Level":1,"Experience":0,"Hp":0,"MaxHp":10,"IsEmptySlot":false,"IsAlive":false},{"Level":1,"Experience":0,"Hp":0,"MaxHp":10,"IsEmptySlot":false,"IsAlive":false},{"Level":1,"Experience":0,"Hp":0,"MaxHp":10,"IsEmptySlot":false,"IsAlive":false},{"Level":1,"Experience":0,"Hp":0,"MaxHp":10,"IsEmptySlot":false,"IsAlive":false}],"HasEmptySlot":false,"Power":10}	false	false	550	
6	3	95	0	"レイヴン"	71	54	53	64	30	0	6	0	20	{"Soldiers":[{"Level":1,"Experience":0,"Hp":0,"MaxHp":10,"IsEmptySlot":false,"IsAlive":false},{"Level":1,"Experience":0,"Hp":0,"MaxHp":10,"IsEmptySlot":false,"IsAlive":false},{"Level":1,"Experience":0,"Hp":0,"MaxHp":10,"IsEmptySlot":false,"IsAlive":false},{"Level":1,"Experience":0,"Hp":0,"MaxHp":10,"IsEmptySlot":false,"IsAlive":false},{"Level":1,"Experience":0,"Hp":0,"MaxHp":10,"IsEmptySlot":false,"IsAlive":false},{"Level":1,"Experience":0,"Hp":0,"MaxHp":10,"IsEmptySlot":false,"IsAlive":false},{"Level":1,"Experience":0,"Hp":0,"MaxHp":10,"IsEmptySlot":false,"IsAlive":false},{"Level":1,"Experience":0,"Hp":0,"MaxHp":10,"IsEmptySlot":false,"IsAlive":false},{"Level":1,"Experience":0,"Hp":0,"MaxHp":10,"IsEmptySlot":false,"IsAlive":false},{"Level":1,"Experience":0,"Hp":0,"MaxHp":10,"IsEmptySlot":false,"IsAlive":false}],"HasEmptySlot":false,"Power":10}	false	false	590	
7	0	44	0	"ザンダー"	77	71	47	70	100	0	10	0	75	{"Soldiers":[{"Level":1,"Experience":0,"Hp":0,"MaxHp":10,"IsEmptySlot":false,"IsAlive":false},{"Level":1,"Experience":0,"Hp":0,"MaxHp":10,"IsEmptySlot":false,"IsAlive":false},{"Level":1,"Experience":0,"Hp":0,"MaxHp":10,"IsEmptySlot":false,"IsAlive":false},{"Level":1,"Experience":0,"Hp":0,"MaxHp":10,"IsEmptySlot":false,"IsAlive":false},{"Level":1,"Experience":0,"Hp":0,"MaxHp":10,"IsEmptySlot":false,"IsAlive":false},{"Level":1,"Experience":0,"Hp":0,"MaxHp":10,"IsEmptySlot":false,"IsAlive":false},{"Level":1,"Experience":0,"Hp":0,"MaxHp":10,"IsEmptySlot":false,"IsAlive":false},{"Level":1,"Experience":0,"Hp":0,"MaxHp":10,"IsEmptySlot":false,"IsAlive":false},{"Level":1,"Experience":0,"Hp":0,"MaxHp":10,"IsEmptySlot":false,"IsAlive":false},{"Level":1,"Experience":0,"Hp":0,"MaxHp":10,"IsEmptySlot":false,"IsAlive":false}],"HasEmptySlot":false,"Power":10}	false	false	650	
7	1	76	0	"ビアンカ"	67	42	62	38	10	0	2	0	10	{"Soldiers":[{"Level":1,"Experience":0,"Hp":0,"MaxHp":10,"IsEmptySlot":false,"IsAlive":false},{"Level":1,"Experience":0,"Hp":0,"MaxHp":10,"IsEmptySlot":false,"IsAlive":false},{"Level":1,"Experience":0,"Hp":0,"MaxHp":10,"IsEmptySlot":false,"IsAlive":false},{"Level":1,"Experience":0,"Hp":0,"MaxHp":10,"IsEmptySlot":false,"IsAlive":false},{"Level":1,"Experience":0,"Hp":0,"MaxHp":10,"IsEmptySlot":false,"IsAlive":false},{"Level":1,"Experience":0,"Hp":0,"MaxHp":10,"IsEmptySlot":false,"IsAlive":false},{"Level":1,"Experience":0,"Hp":0,"MaxHp":10,"IsEmptySlot":false,"IsAlive":false},{"Level":1,"Experience":0,"Hp":0,"MaxHp":10,"IsEmptySlot":false,"IsAlive":false},{"Level":1,"Experience":0,"Hp":0,"MaxHp":10,"IsEmptySlot":false,"IsAlive":false},{"Level":1,"Experience":0,"Hp":0,"MaxHp":10,"IsEmptySlot":false,"IsAlive":false}],"HasEmptySlot":false,"Power":10}	false	false	570	
7	2	31	0	"オリオン"	67	69	55	64	20	0	4	0	15	{"Soldiers":[{"Level":1,"Experience":0,"Hp":0,"MaxHp":10,"IsEmptySlot":false,"IsAlive":false},{"Level":1,"Experience":0,"Hp":0,"MaxHp":10,"IsEmptySlot":false,"IsAlive":false},{"Level":1,"Experience":0,"Hp":0,"MaxHp":10,"IsEmptySlot":false,"IsAlive":false},{"Level":1,"Experience":0,"Hp":0,"MaxHp":10,"IsEmptySlot":false,"IsAlive":false},{"Level":1,"Experience":0,"Hp":0,"MaxHp":10,"IsEmptySlot":false,"IsAlive":false},{"Level":1,"Experience":0,"Hp":0,"MaxHp":10,"IsEmptySlot":false,"IsAlive":false},{"Level":1,"Experience":0,"Hp":0,"MaxHp":10,"IsEmptySlot":false,"IsAlive":false},{"Level":1,"Experience":0,"Hp":0,"MaxHp":10,"IsEmptySlot":false,"IsAlive":false},{"Level":1,"Experience":0,"Hp":0,"MaxHp":10,"IsEmptySlot":false,"IsAlive":false},{"Level":1,"Experience":0,"Hp":0,"MaxHp":10,"IsEmptySlot":false,"IsAlive":false}],"HasEmptySlot":false,"Power":10}	false	false	630	
8	0	22	0	"ウィリアム"	50	79	83	83	100	0	10	0	90	{"Soldiers":[{"Level":1,"Experience":0,"Hp":0,"MaxHp":10,"IsEmptySlot":false,"IsAlive":false},{"Level":1,"Experience":0,"Hp":0,"MaxHp":10,"IsEmptySlot":false,"IsAlive":false},{"Level":1,"Experience":0,"Hp":0,"MaxHp":10,"IsEmptySlot":false,"IsAlive":false},{"Level":1,"Experience":0,"Hp":0,"MaxHp":10,"IsEmptySlot":false,"IsAlive":false},{"Level":1,"Experience":0,"Hp":0,"MaxHp":10,"IsEmptySlot":false,"IsAlive":false},{"Level":1,"Experience":0,"Hp":0,"MaxHp":10,"IsEmptySlot":false,"IsAlive":false},{"Level":1,"Experience":0,"Hp":0,"MaxHp":10,"IsEmptySlot":false,"IsAlive":false},{"Level":1,"Experience":0,"Hp":0,"MaxHp":10,"IsEmptySlot":false,"IsAlive":false},{"Level":1,"Experience":0,"Hp":0,"MaxHp":10,"IsEmptySlot":false,"IsAlive":false},{"Level":1,"Experience":0,"Hp":0,"MaxHp":10,"IsEmptySlot":false,"IsAlive":false}],"HasEmptySlot":false,"Power":10}	false	false	700	
8	1	1	0	"アクエリアス"	100	81	51	61	10	0	2	0	10	{"Soldiers":[{"Level":1,"Experience":0,"Hp":0,"MaxHp":10,"IsEmptySlot":false,"IsAlive":false},{"Level":1,"Experience":0,"Hp":0,"MaxHp":10,"IsEmptySlot":false,"IsAlive":false},{"Level":1,"Experience":0,"Hp":0,"MaxHp":10,"IsEmptySlot":false,"IsAlive":false},{"Level":1,"Experience":0,"Hp":0,"MaxHp":10,"IsEmptySlot":false,"IsAlive":false},{"Level":1,"Experience":0,"Hp":0,"MaxHp":10,"IsEmptySlot":false,"IsAlive":false},{"Level":1,"Experience":0,"Hp":0,"MaxHp":10,"IsEmptySlot":false,"IsAlive":false},{"Level":1,"Experience":0,"Hp":0,"MaxHp":10,"IsEmptySlot":false,"IsAlive":false},{"Level":1,"Experience":0,"Hp":0,"MaxHp":10,"IsEmptySlot":false,"IsAlive":false},{"Level":1,"Experience":0,"Hp":0,"MaxHp":10,"IsEmptySlot":false,"IsAlive":false},{"Level":1,"Experience":0,"Hp":0,"MaxHp":10,"IsEmptySlot":false,"IsAlive":false}],"HasEmptySlot":false,"Power":10}	false	false	770	
9	0	43	0	"ザフィール"	63	66	76	46	100	0	10	0	90	{"Soldiers":[{"Level":1,"Experience":0,"Hp":0,"MaxHp":10,"IsEmptySlot":false,"IsAlive":false},{"Level":1,"Experience":0,"Hp":0,"MaxHp":10,"IsEmptySlot":false,"IsAlive":false},{"Level":1,"Experience":0,"Hp":0,"MaxHp":10,"IsEmptySlot":false,"IsAlive":false},{"Level":1,"Experience":0,"Hp":0,"MaxHp":10,"IsEmptySlot":false,"IsAlive":false},{"Level":1,"Experience":0,"Hp":0,"MaxHp":10,"IsEmptySlot":false,"IsAlive":false},{"Level":1,"Experience":0,"Hp":0,"MaxHp":10,"IsEmptySlot":false,"IsAlive":false},{"Level":1,"Experience":0,"Hp":0,"MaxHp":10,"IsEmptySlot":false,"IsAlive":false},{"Level":1,"Experience":0,"Hp":0,"MaxHp":10,"IsEmptySlot":false,"IsAlive":false},{"Level":1,"Experience":0,"Hp":0,"MaxHp":10,"IsEmptySlot":false,"IsAlive":false},{"Level":1,"Experience":0,"Hp":0,"MaxHp":10,"IsEmptySlot":false,"IsAlive":false}],"HasEmptySlot":false,"Power":10}	false	false	680	
9	1	99	0	"ローエン"	84	36	49	68	10	0	2	0	10	{"Soldiers":[{"Level":1,"Experience":0,"Hp":0,"MaxHp":10,"IsEmptySlot":false,"IsAlive":false},{"Level":1,"Experience":0,"Hp":0,"MaxHp":10,"IsEmptySlot":false,"IsAlive":false},{"Level":1,"Experience":0,"Hp":0,"MaxHp":10,"IsEmptySlot":false,"IsAlive":false},{"Level":1,"Experience":0,"Hp":0,"MaxHp":10,"IsEmptySlot":false,"IsAlive":false},{"Level":1,"Experience":0,"Hp":0,"MaxHp":10,"IsEmptySlot":false,"IsAlive":false},{"Level":1,"Experience":0,"Hp":0,"MaxHp":10,"IsEmptySlot":false,"IsAlive":false},{"Level":1,"Experience":0,"Hp":0,"MaxHp":10,"IsEmptySlot":false,"IsAlive":false},{"Level":1,"Experience":0,"Hp":0,"MaxHp":10,"IsEmptySlot":false,"IsAlive":false},{"Level":1,"Experience":0,"Hp":0,"MaxHp":10,"IsEmptySlot":false,"IsAlive":false},{"Level":1,"Experience":0,"Hp":0,"MaxHp":10,"IsEmptySlot":false,"IsAlive":false}],"HasEmptySlot":false,"Power":10}	false	false	560	
10	0	71	0	"ナディア"	66	44	71	37	100	0	10	0	75	{"Soldiers":[{"Level":1,"Experience":0,"Hp":0,"MaxHp":10,"IsEmptySlot":false,"IsAlive":false},{"Level":1,"Experience":0,"Hp":0,"MaxHp":10,"IsEmptySlot":false,"IsAlive":false},{"Level":1,"Experience":0,"Hp":0,"MaxHp":10,"IsEmptySlot":false,"IsAlive":false},{"Level":1,"Experience":0,"Hp":0,"MaxHp":10,"IsEmptySlot":false,"IsAlive":false},{"Level":1,"Experience":0,"Hp":0,"MaxHp":10,"IsEmptySlot":false,"IsAlive":false},{"Level":1,"Experience":0,"Hp":0,"MaxHp":10,"IsEmptySlot":false,"IsAlive":false},{"Level":1,"Experience":0,"Hp":0,"MaxHp":10,"IsEmptySlot":false,"IsAlive":false},{"Level":1,"Experience":0,"Hp":0,"MaxHp":10,"IsEmptySlot":false,"IsAlive":false},{"Level":1,"Experience":0,"Hp":0,"MaxHp":10,"IsEmptySlot":false,"IsAlive":false},{"Level":1,"Experience":0,"Hp":0,"MaxHp":10,"IsEmptySlot":false,"IsAlive":false}],"HasEmptySlot":false,"Power":10}	false	false	600	
10	1	2	0	"アステル"	50	61	51	37	10	0	2	0	10	{"Soldiers":[{"Level":1,"Experience":0,"Hp":0,"MaxHp":10,"IsEmptySlot":false,"IsAlive":false},{"Level":1,"Experience":0,"Hp":0,"MaxHp":10,"IsEmptySlot":false,"IsAlive":false},{"Level":1,"Experience":0,"Hp":0,"MaxHp":10,"IsEmptySlot":false,"IsAlive":false},{"Level":1,"Experience":0,"Hp":0,"MaxHp":10,"IsEmptySlot":false,"IsAlive":false},{"Level":1,"Experience":0,"Hp":0,"MaxHp":10,"IsEmptySlot":false,"IsAlive":false},{"Level":1,"Experience":0,"Hp":0,"MaxHp":10,"IsEmptySlot":false,"IsAlive":false},{"Level":1,"Experience":0,"Hp":0,"MaxHp":10,"IsEmptySlot":false,"IsAlive":false},{"Level":1,"Experience":0,"Hp":0,"MaxHp":10,"IsEmptySlot":false,"IsAlive":false},{"Level":1,"Experience":0,"Hp":0,"MaxHp":10,"IsEmptySlot":false,"IsAlive":false},{"Level":1,"Experience":0,"Hp":0,"MaxHp":10,"IsEmptySlot":false,"IsAlive":false}],"HasEmptySlot":false,"Power":10}	false	false	540	
10	2	16	0	"イザベラ"	59	71	71	16	20	0	4	0	15	{"Soldiers":[{"Level":1,"Experience":0,"Hp":0,"MaxHp":10,"IsEmptySlot":false,"IsAlive":false},{"Level":1,"Experience":0,"Hp":0,"MaxHp":10,"IsEmptySlot":false,"IsAlive":false},{"Level":1,"Experience":0,"Hp":0,"MaxHp":10,"IsEmptySlot":false,"IsAlive":false},{"Level":1,"Experience":0,"Hp":0,"MaxHp":10,"IsEmptySlot":false,"IsAlive":false},{"Level":1,"Experience":0,"Hp":0,"MaxHp":10,"IsEmptySlot":false,"IsAlive":false},{"Level":1,"Experience":0,"Hp":0,"MaxHp":10,"IsEmptySlot":false,"IsAlive":false},{"Level":1,"Experience":0,"Hp":0,"MaxHp":10,"IsEmptySlot":false,"IsAlive":false},{"Level":1,"Experience":0,"Hp":0,"MaxHp":10,"IsEmptySlot":false,"IsAlive":false},{"Level":1,"Experience":0,"Hp":0,"MaxHp":10,"IsEmptySlot":false,"IsAlive":false},{"Level":1,"Experience":0,"Hp":0,"MaxHp":10,"IsEmptySlot":false,"IsAlive":false}],"HasEmptySlot":false,"Power":10}	false	false	670	
11	0	35	0	"カリオペ"	62	49	67	58	100	0	10	0	75	{"Soldiers":[{"Level":1,"Experience":0,"Hp":0,"MaxHp":10,"IsEmptySlot":false,"IsAlive":false},{"Level":1,"Experience":0,"Hp":0,"MaxHp":10,"IsEmptySlot":false,"IsAlive":false},{"Level":1,"Experience":0,"Hp":0,"MaxHp":10,"IsEmptySlot":false,"IsAlive":false},{"Level":1,"Experience":0,"Hp":0,"MaxHp":10,"IsEmptySlot":false,"IsAlive":false},{"Level":1,"Experience":0,"Hp":0,"MaxHp":10,"IsEmptySlot":false,"IsAlive":false},{"Level":1,"Experience":0,"Hp":0,"MaxHp":10,"IsEmptySlot":false,"IsAlive":false},{"Level":1,"Experience":0,"Hp":0,"MaxHp":10,"IsEmptySlot":false,"IsAlive":false},{"Level":1,"Experience":0,"Hp":0,"MaxHp":10,"IsEmptySlot":false,"IsAlive":false},{"Level":1,"Experience":0,"Hp":0,"MaxHp":10,"IsEmptySlot":false,"IsAlive":false},{"Level":1,"Experience":0,"Hp":0,"MaxHp":10,"IsEmptySlot":false,"IsAlive":false}],"HasEmptySlot":false,"Power":10}	false	false	590	
11	1	10	0	"アリシア"	69	44	72	57	10	0	2	0	10	{"Soldiers":[{"Level":1,"Experience":0,"Hp":0,"MaxHp":10,"IsEmptySlot":false,"IsAlive":false},{"Level":1,"Experience":0,"Hp":0,"MaxHp":10,"IsEmptySlot":false,"IsAlive":false},{"Level":1,"Experience":0,"Hp":0,"MaxHp":10,"IsEmptySlot":false,"IsAlive":false},{"Level":1,"Experience":0,"Hp":0,"MaxHp":10,"IsEmptySlot":false,"IsAlive":false},{"Level":1,"Experience":0,"Hp":0,"MaxHp":10,"IsEmptySlot":false,"IsAlive":false},{"Level":1,"Experience":0,"Hp":0,"MaxHp":10,"IsEmptySlot":false,"IsAlive":false},{"Level":1,"Experience":0,"Hp":0,"MaxHp":10,"IsEmptySlot":false,"IsAlive":false},{"Level":1,"Experience":0,"Hp":0,"MaxHp":10,"IsEmptySlot":false,"IsAlive":false},{"Level":1,"Experience":0,"Hp":0,"MaxHp":10,"IsEmptySlot":false,"IsAlive":false},{"Level":1,"Experience":0,"Hp":0,"MaxHp":10,"IsEmptySlot":false,"IsAlive":false}],"HasEmptySlot":false,"Power":10}	false	false	610	
11	2	60	0	"ゼラン"	59	60	32	36	20	0	4	0	15	{"Soldiers":[{"Level":1,"Experience":0,"Hp":0,"MaxHp":10,"IsEmptySlot":false,"IsAlive":false},{"Level":1,"Experience":0,"Hp":0,"MaxHp":10,"IsEmptySlot":false,"IsAlive":false},{"Level":1,"Experience":0,"Hp":0,"MaxHp":10,"IsEmptySlot":false,"IsAlive":false},{"Level":1,"Experience":0,"Hp":0,"MaxHp":10,"IsEmptySlot":false,"IsAlive":false},{"Level":1,"Experience":0,"Hp":0,"MaxHp":10,"IsEmptySlot":false,"IsAlive":false},{"Level":1,"Experience":0,"Hp":0,"MaxHp":10,"IsEmptySlot":false,"IsAlive":false},{"Level":1,"Experience":0,"Hp":0,"MaxHp":10,"IsEmptySlot":false,"IsAlive":false},{"Level":1,"Experience":0,"Hp":0,"MaxHp":10,"IsEmptySlot":false,"IsAlive":false},{"Level":1,"Experience":0,"Hp":0,"MaxHp":10,"IsEmptySlot":false,"IsAlive":false},{"Level":1,"Experience":0,"Hp":0,"MaxHp":10,"IsEmptySlot":false,"IsAlive":false}],"HasEmptySlot":false,"Power":10}	false	false	500	
12	0	80	0	"フリージア"	29	70	68	32	100	0	10	0	90	{"Soldiers":[{"Level":1,"Experience":0,"Hp":0,"MaxHp":10,"IsEmptySlot":false,"IsAlive":false},{"Level":1,"Experience":0,"Hp":0,"MaxHp":10,"IsEmptySlot":false,"IsAlive":false},{"Level":1,"Experience":0,"Hp":0,"MaxHp":10,"IsEmptySlot":false,"IsAlive":false},{"Level":1,"Experience":0,"Hp":0,"MaxHp":10,"IsEmptySlot":false,"IsAlive":false},{"Level":1,"Experience":0,"Hp":0,"MaxHp":10,"IsEmptySlot":false,"IsAlive":false},{"Level":1,"Experience":0,"Hp":0,"MaxHp":10,"IsEmptySlot":false,"IsAlive":false},{"Level":1,"Experience":0,"Hp":0,"MaxHp":10,"IsEmptySlot":false,"IsAlive":false},{"Level":1,"Experience":0,"Hp":0,"MaxHp":10,"IsEmptySlot":false,"IsAlive":false},{"Level":1,"Experience":0,"Hp":0,"MaxHp":10,"IsEmptySlot":false,"IsAlive":false},{"Level":1,"Experience":0,"Hp":0,"MaxHp":10,"IsEmptySlot":false,"IsAlive":false}],"HasEmptySlot":false,"Power":10}	false	false	550	
12	1	94	0	"レイモンド"	44	61	58	62	10	0	2	0	10	{"Soldiers":[{"Level":1,"Experience":0,"Hp":0,"MaxHp":10,"IsEmptySlot":false,"IsAlive":false},{"Level":1,"Experience":0,"Hp":0,"MaxHp":10,"IsEmptySlot":false,"IsAlive":false},{"Level":1,"Experience":0,"Hp":0,"MaxHp":10,"IsEmptySlot":false,"IsAlive":false},{"Level":1,"Experience":0,"Hp":0,"MaxHp":10,"IsEmptySlot":false,"IsAlive":false},{"Level":1,"Experience":0,"Hp":0,"MaxHp":10,"IsEmptySlot":false,"IsAlive":false},{"Level":1,"Experience":0,"Hp":0,"MaxHp":10,"IsEmptySlot":false,"IsAlive":false},{"Level":1,"Experience":0,"Hp":0,"MaxHp":10,"IsEmptySlot":false,"IsAlive":false},{"Level":1,"Experience":0,"Hp":0,"MaxHp":10,"IsEmptySlot":false,"IsAlive":false},{"Level":1,"Experience":0,"Hp":0,"MaxHp":10,"IsEmptySlot":false,"IsAlive":false},{"Level":1,"Experience":0,"Hp":0,"MaxHp":10,"IsEmptySlot":false,"IsAlive":false}],"HasEmptySlot":false,"Power":10}	false	false	540	
13	0	55	0	"セレスタ"	59	58	80	46	100	0	10	0	75	{"Soldiers":[{"Level":1,"Experience":0,"Hp":0,"MaxHp":10,"IsEmptySlot":false,"IsAlive":false},{"Level":1,"Experience":0,"Hp":0,"MaxHp":10,"IsEmptySlot":false,"IsAlive":false},{"Level":1,"Experience":0,"Hp":0,"MaxHp":10,"IsEmptySlot":false,"IsAlive":false},{"Level":1,"Experience":0,"Hp":0,"MaxHp":10,"IsEmptySlot":false,"IsAlive":false},{"Level":1,"Experience":0,"Hp":0,"MaxHp":10,"IsEmptySlot":false,"IsAlive":false},{"Level":1,"Experience":0,"Hp":0,"MaxHp":10,"IsEmptySlot":false,"IsAlive":false},{"Level":1,"Experience":0,"Hp":0,"MaxHp":10,"IsEmptySlot":false,"IsAlive":false},{"Level":1,"Experience":0,"Hp":0,"MaxHp":10,"IsEmptySlot":false,"IsAlive":false},{"Level":1,"Experience":0,"Hp":0,"MaxHp":10,"IsEmptySlot":false,"IsAlive":false},{"Level":1,"Experience":0,"Hp":0,"MaxHp":10,"IsEmptySlot":false,"IsAlive":false}],"HasEmptySlot":false,"Power":10}	false	false	650	
13	1	90	0	"ラベンダー"	72	53	76	51	10	0	2	0	10	{"Soldiers":[{"Level":1,"Experience":0,"Hp":0,"MaxHp":10,"IsEmptySlot":false,"IsAlive":false},{"Level":1,"Experience":0,"Hp":0,"MaxHp":10,"IsEmptySlot":false,"IsAlive":false},{"Level":1,"Experience":0,"Hp":0,"MaxHp":10,"IsEmptySlot":false,"IsAlive":false},{"Level":1,"Experience":0,"Hp":0,"MaxHp":10,"IsEmptySlot":false,"IsAlive":false},{"Level":1,"Experience":0,"Hp":0,"MaxHp":10,"IsEmptySlot":false,"IsAlive":false},{"Level":1,"Experience":0,"Hp":0,"MaxHp":10,"IsEmptySlot":false,"IsAlive":false},{"Level":1,"Experience":0,"Hp":0,"MaxHp":10,"IsEmptySlot":false,"IsAlive":false},{"Level":1,"Experience":0,"Hp":0,"MaxHp":10,"IsEmptySlot":false,"IsAlive":false},{"Level":1,"Experience":0,"Hp":0,"MaxHp":10,"IsEmptySlot":false,"IsAlive":false},{"Level":1,"Experience":0,"Hp":0,"MaxHp":10,"IsEmptySlot":false,"IsAlive":false}],"HasEmptySlot":false,"Power":10}	false	false	670	
13	2	59	0	"ゼファー"	56	83	53	34	20	0	4	0	15	{"Soldiers":[{"Level":1,"Experience":0,"Hp":0,"MaxHp":10,"IsEmptySlot":false,"IsAlive":false},{"Level":1,"Experience":0,"Hp":0,"MaxHp":10,"IsEmptySlot":false,"IsAlive":false},{"Level":1,"Experience":0,"Hp":0,"MaxHp":10,"IsEmptySlot":false,"IsAlive":false},{"Level":1,"Experience":0,"Hp":0,"MaxHp":10,"IsEmptySlot":false,"IsAlive":false},{"Level":1,"Experience":0,"Hp":0,"MaxHp":10,"IsEmptySlot":false,"IsAlive":false},{"Level":1,"Experience":0,"Hp":0,"MaxHp":10,"IsEmptySlot":false,"IsAlive":false},{"Level":1,"Experience":0,"Hp":0,"MaxHp":10,"IsEmptySlot":false,"IsAlive":false},{"Level":1,"Experience":0,"Hp":0,"MaxHp":10,"IsEmptySlot":false,"IsAlive":false},{"Level":1,"Experience":0,"Hp":0,"MaxHp":10,"IsEmptySlot":false,"IsAlive":false},{"Level":1,"Experience":0,"Hp":0,"MaxHp":10,"IsEmptySlot":false,"IsAlive":false}],"HasEmptySlot":false,"Power":10}	false	false	640	
14	0	41	0	"ケルベロス"	86	73	80	78	100	0	10	0	90	{"Soldiers":[{"Level":1,"Experience":0,"Hp":0,"MaxHp":10,"IsEmptySlot":false,"IsAlive":false},{"Level":1,"Experience":0,"Hp":0,"MaxHp":10,"IsEmptySlot":false,"IsAlive":false},{"Level":1,"Experience":0,"Hp":0,"MaxHp":10,"IsEmptySlot":false,"IsAlive":false},{"Level":1,"Experience":0,"Hp":0,"MaxHp":10,"IsEmptySlot":false,"IsAlive":false},{"Level":1,"Experience":0,"Hp":0,"MaxHp":10,"IsEmptySlot":false,"IsAlive":false},{"Level":1,"Experience":0,"Hp":0,"MaxHp":10,"IsEmptySlot":false,"IsAlive":false},{"Level":1,"Experience":0,"Hp":0,"MaxHp":10,"IsEmptySlot":false,"IsAlive":false},{"Level":1,"Experience":0,"Hp":0,"MaxHp":10,"IsEmptySlot":false,"IsAlive":false},{"Level":1,"Experience":0,"Hp":0,"MaxHp":10,"IsEmptySlot":false,"IsAlive":false},{"Level":1,"Experience":0,"Hp":0,"MaxHp":10,"IsEmptySlot":false,"IsAlive":false}],"HasEmptySlot":false,"Power":10}	false	false	790	
14	1	78	0	"ファエリン"	42	82	54	53	10	0	0	0	0	{"Soldiers":[{"Level":1,"Experience":0,"Hp":0,"MaxHp":10,"IsEmptySlot":false,"IsAlive":false},{"Level":1,"Experience":0,"Hp":0,"MaxHp":10,"IsEmptySlot":false,"IsAlive":false},{"Level":1,"Experience":0,"Hp":0,"MaxHp":10,"IsEmptySlot":false,"IsAlive":false},{"Level":1,"Experience":0,"Hp":0,"MaxHp":10,"IsEmptySlot":false,"IsAlive":false},{"Level":1,"Experience":0,"Hp":0,"MaxHp":10,"IsEmptySlot":false,"IsAlive":false},{"Level":1,"Experience":0,"Hp":0,"MaxHp":10,"IsEmptySlot":false,"IsAlive":false},{"Level":1,"Experience":0,"Hp":0,"MaxHp":10,"IsEmptySlot":false,"IsAlive":false},{"Level":1,"Experience":0,"Hp":0,"MaxHp":10,"IsEmptySlot":false,"IsAlive":false},{"Level":1,"Experience":0,"Hp":0,"MaxHp":10,"IsEmptySlot":false,"IsAlive":false},{"Level":1,"Experience":0,"Hp":0,"MaxHp":10,"IsEmptySlot":false,"IsAlive":false}],"HasEmptySlot":false,"Power":10}	false	false	590	
15	0	20	0	"イリス"	61	86	49	62	100	0	10	0	90	{"Soldiers":[{"Level":1,"Experience":0,"Hp":0,"MaxHp":10,"IsEmptySlot":false,"IsAlive":false},{"Level":1,"Experience":0,"Hp":0,"MaxHp":10,"IsEmptySlot":false,"IsAlive":false},{"Level":1,"Experience":0,"Hp":0,"MaxHp":10,"IsEmptySlot":false,"IsAlive":false},{"Level":1,"Experience":0,"Hp":0,"MaxHp":10,"IsEmptySlot":false,"IsAlive":false},{"Level":1,"Experience":0,"Hp":0,"MaxHp":10,"IsEmptySlot":false,"IsAlive":false},{"Level":1,"Experience":0,"Hp":0,"MaxHp":10,"IsEmptySlot":false,"IsAlive":false},{"Level":1,"Experience":0,"Hp":0,"MaxHp":10,"IsEmptySlot":false,"IsAlive":false},{"Level":1,"Experience":0,"Hp":0,"MaxHp":10,"IsEmptySlot":false,"IsAlive":false},{"Level":1,"Experience":0,"Hp":0,"MaxHp":10,"IsEmptySlot":false,"IsAlive":false},{"Level":1,"Experience":0,"Hp":0,"MaxHp":10,"IsEmptySlot":false,"IsAlive":false}],"HasEmptySlot":false,"Power":10}	false	false	650	
15	1	46	0	"シエラ"	69	51	37	78	10	0	2	0	10	{"Soldiers":[{"Level":1,"Experience":0,"Hp":0,"MaxHp":10,"IsEmptySlot":false,"IsAlive":false},{"Level":1,"Experience":0,"Hp":0,"MaxHp":10,"IsEmptySlot":false,"IsAlive":false},{"Level":1,"Experience":0,"Hp":0,"MaxHp":10,"IsEmptySlot":false,"IsAlive":false},{"Level":1,"Experience":0,"Hp":0,"MaxHp":10,"IsEmptySlot":false,"IsAlive":false},{"Level":1,"Experience":0,"Hp":0,"MaxHp":10,"IsEmptySlot":false,"IsAlive":false},{"Level":1,"Experience":0,"Hp":0,"MaxHp":10,"IsEmptySlot":false,"IsAlive":false},{"Level":1,"Experience":0,"Hp":0,"MaxHp":10,"IsEmptySlot":false,"IsAlive":false},{"Level":1,"Experience":0,"Hp":0,"MaxHp":10,"IsEmptySlot":false,"IsAlive":false},{"Level":1,"Experience":0,"Hp":0,"MaxHp":10,"IsEmptySlot":false,"IsAlive":false},{"Level":1,"Experience":0,"Hp":0,"MaxHp":10,"IsEmptySlot":false,"IsAlive":false}],"HasEmptySlot":false,"Power":10}	false	false	520	
16	0	4	0	"アトラス"	62	43	52	59	10	0	2	0	10	{"Soldiers":[{"Level":1,"Experience":0,"Hp":0,"MaxHp":10,"IsEmptySlot":false,"IsAlive":false},{"Level":1,"Experience":0,"Hp":0,"MaxHp":10,"IsEmptySlot":false,"IsAlive":false},{"Level":1,"Experience":0,"Hp":0,"MaxHp":10,"IsEmptySlot":false,"IsAlive":false},{"Level":1,"Experience":0,"Hp":0,"MaxHp":10,"IsEmptySlot":false,"IsAlive":false},{"Level":1,"Experience":0,"Hp":0,"MaxHp":10,"IsEmptySlot":false,"IsAlive":false},{"Level":1,"Experience":0,"Hp":0,"MaxHp":10,"IsEmptySlot":false,"IsAlive":false},{"Level":1,"Experience":0,"Hp":0,"MaxHp":10,"IsEmptySlot":false,"IsAlive":false},{"Level":1,"Experience":0,"Hp":0,"MaxHp":10,"IsEmptySlot":false,"IsAlive":false},{"Level":1,"Experience":0,"Hp":0,"MaxHp":10,"IsEmptySlot":false,"IsAlive":false},{"Level":1,"Experience":0,"Hp":0,"MaxHp":10,"IsEmptySlot":false,"IsAlive":false}],"HasEmptySlot":false,"Power":10}	false	false	520	
16	1	19	0	"イゾルデ"	68	79	79	46	10	0	2	0	10	{"Soldiers":[{"Level":1,"Experience":0,"Hp":0,"MaxHp":10,"IsEmptySlot":false,"IsAlive":false},{"Level":1,"Experience":0,"Hp":0,"MaxHp":10,"IsEmptySlot":false,"IsAlive":false},{"Level":1,"Experience":0,"Hp":0,"MaxHp":10,"IsEmptySlot":false,"IsAlive":false},{"Level":1,"Experience":0,"Hp":0,"MaxHp":10,"IsEmptySlot":false,"IsAlive":false},{"Level":1,"Experience":0,"Hp":0,"MaxHp":10,"IsEmptySlot":false,"IsAlive":false},{"Level":1,"Experience":0,"Hp":0,"MaxHp":10,"IsEmptySlot":false,"IsAlive":false},{"Level":1,"Experience":0,"Hp":0,"MaxHp":10,"IsEmptySlot":false,"IsAlive":false},{"Level":1,"Experience":0,"Hp":0,"MaxHp":10,"IsEmptySlot":false,"IsAlive":false},{"Level":1,"Experience":0,"Hp":0,"MaxHp":10,"IsEmptySlot":false,"IsAlive":false},{"Level":1,"Experience":0,"Hp":0,"MaxHp":10,"IsEmptySlot":false,"IsAlive":false}],"HasEmptySlot":false,"Power":10}	false	false	750	
